Const,Your Rating,Date Rated,Title,Original Title,URL,Title Type,IMDb Rating,Runtime (mins),Year,Genres,Num Votes,Release Date,Directors
tt33071426,6,2026-04-19,"The Drama","The Drama",https://www.imdb.com/title/tt33071426,Movie,7.3,105,2026,"Romance, Comedy, Drama",61679,"2026-04-03","Kristoffer Borgli"
tt31514146,7,2026-03-14,"I Swear","I Swear",https://www.imdb.com/title/tt31514146,Movie,8.4,120,2025,"Drama, Biography",45239,"2026-04-24","Kirk Jones"
tt32321317,7,2026-02-21,"Pillion","Pillion",https://www.imdb.com/title/tt32321317,Movie,6.9,106,2025,"Drama, Romance, Comedy",17010,"2026-02-27","Harry Lighton"
tt35231039,8,2026-02-06,"Kokuho","Kokuhô",https://www.imdb.com/title/tt35231039,Movie,7.5,175,2025,"Drama",5163,"2025-11-21","Sang-il Lee"
tt14849194,8,2026-01-31,"The Holdovers","The Holdovers",https://www.imdb.com/title/tt14849194,Movie,7.9,133,2023,"Comedy, Drama",256125,"2023-11-10","Alexander Payne"
tt1527793,7,2026-01-31,"No Other Choice","Eo-jjeol su-ga eop-da",https://www.imdb.com/title/tt1527793,Movie,7.5,139,2025,"Comedy, Crime, Drama, Thriller",62865,"2026-01-16","Park Chan-wook"
tt30220107,7,2026-01-24,"Renoir","Renoir",https://www.imdb.com/title/tt30220107,Movie,6.5,120,2025,"Drama",764,"2025-06-20","Chie Hayakawa"
tt14142060,6,2026-01-17,"Rental Family","Rental Family",https://www.imdb.com/title/tt14142060,Movie,7.6,109,2025,"Comedy, Drama",54930,"2025-11-21","Hikari"
tt1433811,6,2026-01-03,"Disconnect","Disconnect",https://www.imdb.com/title/tt1433811,Movie,7.5,115,2012,"Thriller, Drama, Crime, Mystery",80306,"2013-07-05","Henry Alex Rubin"
tt9362736,6,2025-12-27,"Die My Love","Die My Love",https://www.imdb.com/title/tt9362736,Movie,6.0,119,2025,"Thriller, Drama",44773,"2025-11-07","Lynne Ramsay"
tt32916440,7,2025-12-27,"Marty Supreme","Marty Supreme",https://www.imdb.com/title/tt32916440,Movie,7.6,149,2025,"Drama, Sport",178023,"2025-12-25","Josh Safdie"
tt0097165,5,2025-12-01,"Dead Poets Society","Dead Poets Society",https://www.imdb.com/title/tt0097165,Movie,8.1,128,1989,"Comedy, Drama",653709,"1989-06-09","Peter Weir"
tt31322753,7,2025-10-25,"Twinless","Twinless",https://www.imdb.com/title/tt31322753,Movie,7.3,100,2025,"Comedy, Drama",13755,"2025-09-05","James Sweeney"
tt34966650,7,2025-10-18,"It's Never Over, Jeff Buckley","It's Never Over, Jeff Buckley",https://www.imdb.com/title/tt34966650,Movie,7.6,106,2025,"Documentary, Biography, Music",2834,"2026-01-08","Amy Berg"
tt6156138,7,2025-10-09,"37 Seconds","37 Seconds",https://www.imdb.com/title/tt6156138,Movie,7.4,115,2019,"Drama",3538,"2020-01-31","Hikari"
tt32985279,6,2025-10-07,"Steve","Steve",https://www.imdb.com/title/tt32985279,Movie,6.4,93,2025,"Drama",19541,"2025-09-19","Tim Mielants"
tt35520290,6,2025-08-10,"The Baltimorons","The Baltimorons",https://www.imdb.com/title/tt35520290,Movie,6.9,101,2025,"Comedy, Drama, Romance",4198,"2025-09-05","Jay Duplass"
tt19637052,6,2025-07-20,"Love Lies Bleeding","Love Lies Bleeding",https://www.imdb.com/title/tt19637052,Movie,6.6,104,2024,"Romance, Thriller, Crime, Mystery, Drama",64192,"2024-05-03","Rose Glass"
tt20851874,6,2025-07-09,"Fourth of July","Fourth of July",https://www.imdb.com/title/tt20851874,Movie,6.7,90,2022,"Comedy, Drama",2508,"2022-07-08","Louis C.K."
tt30505698,6,2025-06-23,"Friendship","Friendship",https://www.imdb.com/title/tt30505698,Movie,6.6,100,2024,"Comedy",40173,"2025-05-23","Andrew DeYoung"
tt27476906,6,2025-06-10,"When the Light Breaks","Ljósbrot",https://www.imdb.com/title/tt27476906,Movie,6.6,82,2024,"Drama",1751,"2026-01-27","Rúnar Rúnarsson"
tt29482291,7,2025-06-10,"When Fall Is Coming","Quand vient l'automne",https://www.imdb.com/title/tt29482291,Movie,6.9,104,2024,"Drama",4439,"2024-10-02","François Ozon"
tt11687002,6,2025-06-05,"The Outrun","The Outrun",https://www.imdb.com/title/tt11687002,Movie,6.9,118,2024,"Drama, Biography",22364,"2024-10-04","Nora Fingscheidt"
tt30134880,7,2025-06-05,"Every Little Thing","Every Little Thing",https://www.imdb.com/title/tt30134880,Movie,7.2,93,2024,"Documentary",417,"2024-10-18","Sally Aitken"
tt34080409,7,2025-05-30,"Silent Observers","Silent Observers",https://www.imdb.com/title/tt34080409,Movie,6.3,96,2024,"Documentary",31,"2025-12-11","Eliza Petkova"
tt11618536,7,2025-05-24,"Shithouse","Shithouse",https://www.imdb.com/title/tt11618536,Movie,6.9,100,2020,"Comedy, Drama, Romance",7825,"2020-10-16","Cooper Raiff"
tt1816518,7,2025-05-22,"Ernest & Celestine","Ernest et Célestine",https://www.imdb.com/title/tt1816518,Movie,7.8,80,2012,"Animation, Drama, Family, Comedy, Crime, Adventure, Fantasy",24343,"2014-02-28","Stéphane Aubier,Vincent Patar,Benjamin Renner"
tt1152850,7,2025-05-21,"Wendy and Lucy","Wendy and Lucy",https://www.imdb.com/title/tt1152850,Movie,7.1,80,2008,"Drama",21156,"2009-03-06","Kelly Reichardt"
tt29344903,6,2025-05-10,"The Ugly Stepsister","Den stygge stesøsteren",https://www.imdb.com/title/tt29344903,Movie,7.0,109,2025,"Comedy, Horror, Drama",45029,"2025-03-07","Emilie Blichfeldt"
tt28613536,6,2025-04-19,"Bob Trevino Likes It","Bob Trevino Likes It",https://www.imdb.com/title/tt28613536,Movie,7.4,101,2024,"Comedy, Drama",7758,"2025-03-20","Tracie Laymon"
tt10236164,7,2025-04-18,"The Girl with the Needle","Pigen med nålen",https://www.imdb.com/title/tt10236164,Movie,7.5,123,2024,"Drama, History, Crime",20225,"2025-01-24","Magnus von Horn"
tt14961016,7,2025-04-18,"I'm Still Here","Ainda Estou Aqui",https://www.imdb.com/title/tt14961016,Movie,8.1,137,2024,"Drama, History, Biography",155661,"2025-02-07","Walter Salles"
tt14253846,5,2025-03-09,"Speak No Evil","Speak No Evil",https://www.imdb.com/title/tt14253846,Movie,6.7,97,2022,"Horror, Thriller, Drama, Mystery",64167,"2022-03-17","Christian Tafdrup"
tt30317033,6,2025-02-15,"Sebastian","Sebastian",https://www.imdb.com/title/tt30317033,Movie,6.8,110,2024,"Drama",2807,"2024-10-25","Mikko Mäkelä"
tt11563598,7,2025-02-07,"A Complete Unknown","A Complete Unknown",https://www.imdb.com/title/tt11563598,Movie,7.3,141,2024,"Biography, Drama, Music",117844,"2024-12-25","James Mangold"
tt30057084,6,2025-02-03,"Babygirl","Babygirl",https://www.imdb.com/title/tt30057084,Movie,5.7,114,2024,"Thriller, Drama, Romance",81566,"2024-12-25","Halina Reijn"
tt23778968,6,2025-02-03,"Thelma","Thelma",https://www.imdb.com/title/tt23778968,Movie,7.0,98,2024,"Comedy, Action",28673,"2024-06-21","Josh Margolin"
tt2576852,7,2025-01-16,"The Tale of The Princess Kaguya","Kaguya-hime no monogatari",https://www.imdb.com/title/tt2576852,Movie,8.0,137,2013,"Animation, Drama, Fantasy, Family, Romance",62047,"2013-11-23","Isao Takahata"
tt27403986,6,2025-01-13,"Juror #2","Juror #2",https://www.imdb.com/title/tt27403986,Movie,7.0,114,2024,"Thriller, Drama, Crime, Mystery",125979,"2024-12-20","Clint Eastwood"
tt26745321,7,2025-01-12,"Armand","Armand",https://www.imdb.com/title/tt26745321,Movie,6.1,118,2024,"Drama",4676,"2024-09-27","Halfdan Ullmann Tøndel"
tt28277817,7,2025-01-10,"Bird","Bird",https://www.imdb.com/title/tt28277817,Movie,7.0,119,2024,"Drama",12812,"2024-12-23","Andrea Arnold"
tt0347149,6,2025-01-10,"Howl's Moving Castle","Hauru no ugoku shiro",https://www.imdb.com/title/tt0347149,Movie,8.2,119,2004,"Animation, Adventure, Family, Fantasy",512771,"2005-06-17","Hayao Miyazaki"
tt31392609,8,2025-01-04,"How to Make Millions Before Grandma Dies","Lahn Mah",https://www.imdb.com/title/tt31392609,Movie,7.9,125,2024,"Drama, Comedy, Family",22210,"2024-09-13","Pat Boonnitipat"
tt21823606,8,2025-01-03,"A Real Pain","A Real Pain",https://www.imdb.com/title/tt21823606,Movie,7.0,90,2024,"Comedy, Drama",149215,"2024-11-15","Jesse Eisenberg"
tt19811010,8,2025-01-02,"The Remarkable Life of Ibelin","Ibelin",https://www.imdb.com/title/tt19811010,Movie,8.1,103,2024,"Animation, Documentary, Biography",14958,"2024-10-25","Benjamin Ree"
tt23770030,6,2024-12-29,"Memoir of a Snail","Memoir of a Snail",https://www.imdb.com/title/tt23770030,Movie,7.8,95,2024,"Animation, Drama",25545,"2025-07-29","Adam Elliot"
tt28607951,6,2024-12-20,"Anora","Anora",https://www.imdb.com/title/tt28607951,Movie,7.4,139,2024,"Drama, Comedy, Romance",280847,"2024-11-08","Sean Baker"
tt28015403,7,2024-12-13,"Heretic","Heretic",https://www.imdb.com/title/tt28015403,Movie,7.0,111,2024,"Horror, Thriller",226624,"2024-11-08","Scott Beck,Bryan Woods"
tt5323662,7,2024-12-12,"A Silent Voice: The Movie","Koe no katachi",https://www.imdb.com/title/tt5323662,Movie,8.2,130,2016,"Animation, Drama",142364,"2016-09-17","Naoko Yamada"
tt22803220,7,2024-12-10,"National Anthem","National Anthem",https://www.imdb.com/title/tt22803220,Movie,6.3,99,2023,"Drama",1974,"2025-06-05","Luke Gilford"
tt0108432,5,2024-12-08,"Ocean Waves","Umi ga kikoeru",https://www.imdb.com/title/tt0108432,TV Movie,6.6,76,1993,"Animation, Drama, Romance",23489,"1994-07-13","Tomomi Mochizuki"
tt17526714,6,2024-12-08,"The Substance","The Substance",https://www.imdb.com/title/tt17526714,Movie,7.2,141,2024,"Drama, Horror, Sci-Fi",429740,"2024-09-20","Coralie Fargeat"
tt0983213,6,2024-12-08,"5 Centimeters per Second","Byôsoku 5 senchimêtoru",https://www.imdb.com/title/tt0983213,Movie,7.4,63,2007,"Animation, Romance, Drama, Family",71115,"2007-03-03","Makoto Shinkai"
tt0113824,7,2024-12-01,"Whisper of the Heart","Mimi o sumaseba",https://www.imdb.com/title/tt0113824,Movie,7.8,111,1995,"Animation, Family, Romance, Drama",83377,"1996-12-13","Yoshifumi Kondô"
tt5311514,7,2024-11-29,"Your Name.","Kimi no na wa.",https://www.imdb.com/title/tt5311514,Movie,8.4,106,2016,"Animation, Drama, Romance, Fantasy",393153,"2017-04-07","Makoto Shinkai"
tt0097814,6,2024-11-23,"Kiki's Delivery Service","Majo no takkyûbin",https://www.imdb.com/title/tt0097814,Movie,7.8,103,1989,"Animation, Family, Fantasy",188520,"1990-12-20","Hayao Miyazaki"
tt0876563,5,2024-11-21,"Ponyo","Gake no ue no Ponyo",https://www.imdb.com/title/tt0876563,Movie,7.6,101,2008,"Animation, Family, Fantasy, Adventure, Comedy",185618,"2009-08-14","Hayao Miyazaki"
tt21097228,7,2024-11-16,"A Different Man","A Different Man",https://www.imdb.com/title/tt21097228,Movie,6.9,112,2024,"Thriller, Drama",38045,"2024-10-04","Aaron Schimberg"
tt1568921,7,2024-11-16,"The Secret World of Arrietty","Karigurashi no Arietti",https://www.imdb.com/title/tt1568921,Movie,7.6,94,2010,"Animation, Fantasy, Family, Adventure, Drama",117294,"2012-02-17","Hiromasa Yonebayashi"
tt0347618,6,2024-11-09,"The Cat Returns","Neko no ongaeshi",https://www.imdb.com/title/tt0347618,Movie,7.1,75,2002,"Animation, Comedy, Romance, Family, Adventure, Fantasy",72443,"2005-07-13","Hiroyuki Morita"
tt0096283,7,2024-11-08,"My Neighbor Totoro","Tonari no Totoro",https://www.imdb.com/title/tt0096283,Movie,8.1,86,1988,"Animation, Family, Comedy, Adventure, Fantasy",431956,"1990-07-13","Hayao Miyazaki"
tt31711040,7,2024-11-08,"Look Back","Rukku Bakku",https://www.imdb.com/title/tt31711040,Movie,7.8,58,2024,"Animation, Drama",22273,"2024-11-07","Kiyotaka Oshiyama"
tt8368368,7,2024-11-01,"The Apprentice","The Apprentice",https://www.imdb.com/title/tt8368368,Movie,7.1,122,2024,"Biography, Drama, History",73484,"2024-10-11","Ali Abbasi"
tt7737800,6,2024-10-30,"Woman of the Hour","Woman of the Hour",https://www.imdb.com/title/tt7737800,Movie,6.6,95,2023,"Crime, Drama, Mystery",74933,"2024-10-18","Anna Kendrick"
tt30319516,7,2024-10-30,"Good One","Good One",https://www.imdb.com/title/tt30319516,Movie,6.7,89,2024,"Drama",4070,"2024-11-13","India Donaldson"
tt15257116,6,2024-10-30,"Palm Trees and Power Lines","Palm Trees and Power Lines",https://www.imdb.com/title/tt15257116,Movie,6.5,110,2022,"Drama",3696,"2023-03-03","Jamie Dack"
tt29623480,7,2024-10-25,"The Wild Robot","The Wild Robot",https://www.imdb.com/title/tt29623480,Movie,8.2,102,2024,"Animation, Family, Adventure, Sci-Fi",224751,"2024-09-27","Chris Sanders"
tt12443946,6,2024-10-24,"Sweat","Sweat",https://www.imdb.com/title/tt12443946,Movie,6.5,106,2020,"Drama",4725,"2021-03-12","Magnus von Horn"
tt11464016,6,2024-10-24,"Gunda","Gunda",https://www.imdb.com/title/tt11464016,Movie,7.1,93,2020,"Documentary",3221,"2021-04-16","Victor Kossakovsky"
tt8174412,6,2024-10-24,"Funny Pages","Funny Pages",https://www.imdb.com/title/tt8174412,Movie,6.2,86,2022,"Comedy",4498,"2022-08-26","Owen Kline"
tt4772188,5,2024-10-19,"Flow","Straume",https://www.imdb.com/title/tt4772188,Movie,7.8,85,2024,"Animation, Adventure, Fantasy, Family",135286,"2025-02-14","Gints Zilbalodis"
tt30319503,6,2024-10-16,"Dìdi","Dìdi",https://www.imdb.com/title/tt30319503,Movie,7.3,93,2024,"Comedy, Drama",16060,"2024-08-16","Sean Wang"
tt31189897,8,2024-09-07,"Billy & Molly: An Otter Love Story","Billy & Molly: An Otter Love Story",https://www.imdb.com/title/tt31189897,Movie,8.0,77,2024,"Documentary",2633,"2024-05-06","Charlie Hamilton-James"
tt16426418,7,2024-05-24,"Challengers","Challengers",https://www.imdb.com/title/tt16426418,Movie,7.0,131,2024,"Drama, Romance, Sport, Comedy",178972,"2024-04-26","Luca Guadagnino"
tt20234774,6,2024-05-03,"Wicked Little Letters","Wicked Little Letters",https://www.imdb.com/title/tt20234774,Movie,7.0,100,2023,"Comedy, History, Mystery, Crime, Drama, Biography",44904,"2024-04-05","Thea Sharrock"
tt13531468,6,2024-05-03,"Rise","En corps",https://www.imdb.com/title/tt13531468,Movie,7.1,117,2022,"Drama, Comedy",3971,"2022-03-30","Cédric Klapisch"
tt26699529,6,2024-05-03,"Marguerite's Theorem","Le théorème de Marguerite",https://www.imdb.com/title/tt26699529,Movie,6.8,113,2023,"Drama, Mystery, Comedy",3106,"2023-11-01","Anna Novion"
tt0239894,5,2024-04-24,"Paradise Lost 2: Revelations","Paradise Lost 2: Revelations",https://www.imdb.com/title/tt0239894,Movie,7.5,130,2000,"Documentary, Crime",10330,"2001-03-12","Joe Berlinger,Bruce Sinofsky"
tt28484472,7,2024-03-29,"In Restless Dreams: The Music of Paul Simon","In Restless Dreams: The Music of Paul Simon",https://www.imdb.com/title/tt28484472,Movie,7.6,219,2023,"Documentary, Music, Biography, History",831,"2024-03-17","Alex Gibney"
tt22890246,5,2024-03-22,"How to Have Sex","How to Have Sex",https://www.imdb.com/title/tt22890246,Movie,6.4,91,2023,"Drama",23003,"2024-04-05","Molly Manning Walker"
tt21064584,6,2024-03-18,"The Iron Claw","The Iron Claw",https://www.imdb.com/title/tt21064584,Movie,7.5,132,2023,"Drama, Biography, Sport",119241,"2023-12-22","Sean Durkin"
tt7160372,1,2024-03-17,"The Zone of Interest","The Zone of Interest",https://www.imdb.com/title/tt7160372,Movie,7.3,105,2023,"Drama, History, War",175409,"2024-02-20","Jonathan Glazer"
tt23561236,6,2024-02-17,"American Fiction","American Fiction",https://www.imdb.com/title/tt23561236,Movie,7.5,117,2023,"Drama, Comedy",141845,"2023-12-22","Cord Jefferson"
tt9058654,7,2024-02-14,"Dinner in America","Dinner in America",https://www.imdb.com/title/tt9058654,Movie,7.5,106,2020,"Comedy, Drama, Music, Romance",16273,"2021-01-21","Adam Rehmeier"
tt14230458,6,2024-02-08,"Poor Things","Poor Things",https://www.imdb.com/title/tt14230458,Movie,7.7,141,2023,"Romance, Sci-Fi, Comedy, Drama",401261,"2023-12-22","Yorgos Lanthimos"
tt1714210,6,2024-01-31,"Weekend","Weekend",https://www.imdb.com/title/tt1714210,Movie,7.6,97,2011,"Drama, Romance",34610,"2011-11-04","Andrew Haigh"
tt21192142,7,2024-01-30,"All of Us Strangers","All of Us Strangers",https://www.imdb.com/title/tt21192142,Movie,7.6,105,2023,"Drama, Romance",79146,"2023-12-22","Andrew Haigh"
tt17009348,7,2024-01-26,"DogMan","Dogman",https://www.imdb.com/title/tt17009348,Movie,6.8,115,2023,"Drama, Thriller, Crime, Action",22789,"2024-04-05","Luc Besson"
tt29142525,7,2024-01-26,"Tell Them You Love Me","Tell Them You Love Me",https://www.imdb.com/title/tt29142525,Movie,6.9,102,2023,"Documentary",4172,"2024-02-03","Nick August-Perna"
tt10767052,6,2024-01-18,"Next Goal Wins","Next Goal Wins",https://www.imdb.com/title/tt10767052,Movie,6.5,104,2023,"Comedy, Sport, Drama",31255,"2023-11-17","Taika Waititi"
tt0408664,6,2024-01-14,"Nobody Knows","Dare mo shiranai",https://www.imdb.com/title/tt0408664,Movie,8.0,141,2004,"Drama",35450,"2004-10-21","Hirokazu Koreeda"
tt16277242,8,2024-01-04,"Society of the Snow","La sociedad de la nieve",https://www.imdb.com/title/tt16277242,Movie,7.8,144,2023,"Adventure, Drama, History, Thriller, Biography",174275,"2024-01-04","J.A. Bayona"
tt0297721,4,2024-01-04,"All About Lily Chou-Chou","Riri Shushu no subete",https://www.imdb.com/title/tt0297721,Movie,7.5,146,2001,"Drama, Music, Crime, Thriller, Romance",14126,"2001-10-06","Shunji Iwai"
tt26612950,5,2024-01-04,"The Teachers' Lounge","Das Lehrerzimmer",https://www.imdb.com/title/tt26612950,Movie,7.4,98,2023,"Drama",30556,"2023-05-04","Ilker Çatak"
tt17351924,6,2023-12-22,"Saltburn","Saltburn",https://www.imdb.com/title/tt17351924,Movie,7.0,131,2023,"Thriller, Drama",266368,"2023-12-22","Emerald Fennell"
tt13968674,5,2023-11-29,"Fingernails","Fingernails",https://www.imdb.com/title/tt13968674,Movie,5.8,113,2023,"Drama, Sci-Fi, Romance",10569,"2023-11-03","Christos Nikou"
tt8649252,6,2023-11-24,"Scrapper","Scrapper",https://www.imdb.com/title/tt8649252,Movie,6.9,84,2023,"Comedy, Drama",8501,"2023-08-25","Charlotte Regan"
tt11548822,7,2023-11-03,"Cow","Cow",https://www.imdb.com/title/tt11548822,Movie,7.1,94,2021,"Documentary",2781,"2022-01-14","Andrea Arnold"
tt17076046,5,2023-10-20,"Weird: The Al Yankovic Story","Weird: The Al Yankovic Story",https://www.imdb.com/title/tt17076046,Movie,6.8,108,2022,"Musical, Comedy, Music, Crime, Biography, Action",48951,"2022-11-04","Eric Appel"
tt13923216,5,2023-10-13,"Showing Up","Showing Up",https://www.imdb.com/title/tt13923216,Movie,6.3,107,2022,"Comedy, Drama",7447,"2023-05-03","Kelly Reichardt"
tt25471950,6,2023-10-04,"Flora and Son","Flora and Son",https://www.imdb.com/title/tt25471950,Movie,7.0,97,2023,"Comedy, Music, Romance",16576,"2023-09-29","John Carney"
tt17527468,4,2023-10-01,"Bottoms","Bottoms",https://www.imdb.com/title/tt17527468,Movie,6.7,91,2023,"Comedy",57989,"2024-02-14","Emma Seligman"
tt17009710,7,2023-10-01,"Anatomy of a Fall","Anatomie d'une chute",https://www.imdb.com/title/tt17009710,Movie,7.6,151,2023,"Drama, Thriller, Crime, Mystery",218771,"2024-03-22","Justine Triet"
tt23736044,9,2023-09-30,"Monster","Kaibutsu",https://www.imdb.com/title/tt23736044,Movie,7.8,127,2023,"Drama, Thriller, Mystery",41669,"2023-11-22","Hirokazu Koreeda"
tt13429870,8,2023-09-29,"Robot Dreams","Robot Dreams",https://www.imdb.com/title/tt13429870,Movie,7.6,103,2023,"Animation, Drama, Comedy, Family",24846,"2024-06-07","Pablo Berger"
tt13238346,6,2023-09-25,"Past Lives","Past Lives",https://www.imdb.com/title/tt13238346,Movie,7.8,105,2023,"Drama, Romance",173256,"2023-06-23","Celine Song"
tt15153532,6,2023-09-16,"Strays","Strays",https://www.imdb.com/title/tt15153532,Movie,6.3,93,2023,"Comedy, Adventure",37856,"2023-08-18","Josh Greenbaum"
tt8649344,6,2023-09-09,"Blue Jean","Blue Jean",https://www.imdb.com/title/tt8649344,Movie,6.9,97,2022,"Drama, History",6807,"2022-12-10","Georgia Oakley"
tt13328824,7,2023-09-09,"The Blind Man Who Did Not Want to See Titanic","Sokea mies joka ei halunnut nähdä Titanicia",https://www.imdb.com/title/tt13328824,Movie,7.4,82,2021,"Comedy, Drama, Thriller, Romance",2223,"2021-09-10","Teemu Nikki"
tt18816518,6,2023-08-25,"Sick of Myself","Syk pike",https://www.imdb.com/title/tt18816518,Movie,7.1,97,2022,"Drama, Comedy, Horror",23500,"2022-09-09","Kristoffer Borgli"
tt13456340,6,2023-08-25,"Riceboy Sleeps","Riceboy Sleeps",https://www.imdb.com/title/tt13456340,Movie,7.6,117,2022,"Drama, Family, History, Romance",2437,"2023-03-17","Anthony Shim"
tt14913282,6,2023-08-25,"I Like Movies","I Like Movies",https://www.imdb.com/title/tt14913282,Movie,6.8,99,2022,"Comedy, Drama",5246,"2024-11-01","Chandler Levack"
tt19719862,6,2023-06-22,"The Worst Ones","Les pires",https://www.imdb.com/title/tt19719862,Movie,6.7,99,2022,"Drama, Comedy",1485,"2023-03-24","Lise Akoka,Romane Gueret"
tt9185206,5,2023-06-10,"Are You There God? It's Me, Margaret.","Are You There God? It's Me, Margaret.",https://www.imdb.com/title/tt9185206,Movie,7.3,106,2023,"Drama, Comedy, Family",38286,"2023-04-28","Kelly Fremon Craig"
tt0362004,5,2023-05-06,"Palindromes","Palindromes",https://www.imdb.com/title/tt0362004,Movie,6.7,100,2004,"Drama, Comedy",13463,"2025-05-20","Todd Solondz"
tt0250081,6,2023-05-05,"Storytelling","Storytelling",https://www.imdb.com/title/tt0250081,Movie,6.8,87,2001,"Romance, Drama, Comedy",18987,"2001-11-08","Todd Solondz"
tt14153080,7,2023-05-04,"A Good Person","A Good Person",https://www.imdb.com/title/tt14153080,Movie,7.1,128,2023,"Drama",29105,"2023-03-24","Zach Braff"
tt3172532,6,2023-04-25,"The Diary of a Teenage Girl","The Diary of a Teenage Girl",https://www.imdb.com/title/tt3172532,Movie,6.8,102,2015,"Drama, Romance, Comedy",35553,"2015-08-28","Marielle Heller"
tt10855768,6,2023-04-06,"Missing","Missing",https://www.imdb.com/title/tt10855768,Movie,7.1,111,2023,"Drama, Thriller, Mystery",71928,"2023-01-20","Nicholas D. Johnson,Will Merrick"
tt9660502,7,2023-03-09,"Close","Close",https://www.imdb.com/title/tt9660502,Movie,7.8,104,2022,"Drama",47889,"2022-11-01","Lukas Dhont"
tt0903657,7,2023-03-06,"Love & Mercy","Love & Mercy",https://www.imdb.com/title/tt0903657,Movie,7.4,121,2014,"Biography, Drama, Music",45540,"2015-06-19","Bill Pohlad"
tt0120663,6,2023-03-06,"Eyes Wide Shut","Eyes Wide Shut",https://www.imdb.com/title/tt0120663,Movie,7.5,159,1999,"Mystery, Drama, Thriller",429772,"1999-07-16","Stanley Kubrick"
tt0079417,6,2023-03-06,"Kramer vs. Kramer","Kramer vs. Kramer",https://www.imdb.com/title/tt0079417,Movie,7.8,105,1979,"Drama",166555,"1979-12-19","Robert Benton"
tt2229499,6,2023-03-06,"Don Jon","Don Jon",https://www.imdb.com/title/tt2229499,Movie,6.5,90,2013,"Comedy, Drama, Romance",255042,"2013-09-27","Joseph Gordon-Levitt"
tt0443453,6,2023-03-06,"Borat","Borat: Cultural Learnings of America for Make Benefit Glorious Nation of Kazakhstan",https://www.imdb.com/title/tt0443453,Movie,7.4,84,2006,"Comedy",477573,"2006-11-03","Larry Charles"
tt0110005,7,2023-03-06,"Heavenly Creatures","Heavenly Creatures",https://www.imdb.com/title/tt0110005,Movie,7.2,99,1994,"Crime, Biography, Thriller, Drama",71107,"1994-10-14","Peter Jackson"
tt0327597,6,2023-03-06,"Coraline","Coraline",https://www.imdb.com/title/tt0327597,Movie,7.8,100,2009,"Animation, Fantasy, Drama, Family",300579,"2009-02-06","Henry Selick"
tt0050083,6,2023-03-06,"12 Angry Men","12 Angry Men",https://www.imdb.com/title/tt0050083,Movie,9.0,96,1957,"Crime, Drama",985333,"1957-04-10","Sidney Lumet"
tt0110357,8,2023-03-06,"The Lion King","The Lion King",https://www.imdb.com/title/tt0110357,Movie,8.5,88,1994,"Animation, Musical, Drama, Adventure, Family",1259829,"1994-06-24","Roger Allers,Rob Minkoff"
tt1682181,6,2023-03-06,"Bully","Bully",https://www.imdb.com/title/tt1682181,Movie,7.3,98,2011,"Documentary, Drama",10690,"2012-04-27","Lee Hirsch"
tt2545118,7,2023-03-06,"Blackfish","Blackfish",https://www.imdb.com/title/tt2545118,Movie,8.1,83,2013,"Documentary, Drama, Thriller",76560,"2013-07-26","Gabriela Cowperthwaite"
tt0114709,8,2023-03-06,"Toy Story","Toy Story",https://www.imdb.com/title/tt0114709,Movie,8.3,81,1995,"Animation, Adventure, Comedy, Family, Fantasy",1175142,"1995-11-22","John Lasseter"
tt0435761,8,2023-03-06,"Toy Story 3","Toy Story 3",https://www.imdb.com/title/tt0435761,Movie,8.3,103,2010,"Animation, Adventure, Comedy, Family, Fantasy",970566,"2010-06-18","Lee Unkrich"
tt0910970,6,2023-03-06,"WALL·E","WALL·E",https://www.imdb.com/title/tt0910970,Movie,8.4,98,2008,"Animation, Sci-Fi, Adventure, Family",1322081,"2008-06-27","Andrew Stanton"
tt0109830,5,2023-03-06,"Forrest Gump","Forrest Gump",https://www.imdb.com/title/tt0109830,Movie,8.8,142,1994,"Romance, Drama",2498852,"1994-07-06","Robert Zemeckis"
tt0099487,6,2023-03-06,"Edward Scissorhands","Edward Scissorhands",https://www.imdb.com/title/tt0099487,Movie,7.8,105,1990,"Drama, Romance, Fantasy",565505,"1990-12-14","Tim Burton"
tt19652910,7,2023-02-23,"EO","Eo",https://www.imdb.com/title/tt19652910,Movie,6.7,88,2022,"Drama",17069,"2023-01-21","Jerzy Skolimowski"
tt13845660,6,2023-02-17,"Beautiful Beings","Berdreymi",https://www.imdb.com/title/tt13845660,Movie,7.3,123,2022,"Drama",3073,"2022-04-22","Guðmundur Arnar Guðmundsson"
tt13833688,7,2023-02-17,"The Whale","The Whale",https://www.imdb.com/title/tt13833688,Movie,7.6,117,2022,"Drama",290956,"2022-12-21","Darren Aronofsky"
tt9764362,7,2023-01-28,"The Menu","The Menu",https://www.imdb.com/title/tt9764362,Movie,7.1,107,2022,"Horror, Thriller, Comedy",500599,"2022-11-18","Mark Mylod"
tt6160448,5,2023-01-02,"White Noise","White Noise",https://www.imdb.com/title/tt6160448,Movie,5.7,136,2022,"Mystery, Drama, Comedy, Horror",47750,"2022-12-30","Noah Baumbach"
tt19770238,6,2023-01-02,"Aftersun","Aftersun",https://www.imdb.com/title/tt19770238,Movie,7.6,102,2022,"Drama",128888,"2022-11-18","Charlotte Wells"
tt11813216,7,2023-01-02,"The Banshees of Inisherin","The Banshees of Inisherin",https://www.imdb.com/title/tt11813216,Movie,7.6,114,2022,"Drama, Comedy",296180,"2022-11-04","Martin McDonagh"
tt1488589,6,2023-01-02,"Guillermo del Toro's Pinocchio","Guillermo del Toro's Pinocchio",https://www.imdb.com/title/tt1488589,Movie,7.6,117,2022,"Animation, Musical, Fantasy, Drama, Family, Adventure",152090,"2022-12-09","Guillermo del Toro,Mark Gustafson"
tt4273800,7,2022-11-26,"The Good Nurse","The Good Nurse",https://www.imdb.com/title/tt4273800,Movie,6.8,121,2022,"Thriller, Biography, Crime, Drama, Mystery",90800,"2022-10-26","Tobias Lindholm"
tt11087960,5,2022-11-25,"Playground","Un monde",https://www.imdb.com/title/tt11087960,Movie,7.3,72,2021,"Drama",5201,"2022-02-11","Laura Wandel"
tt8129806,7,2022-11-19,"To Leslie","To Leslie",https://www.imdb.com/title/tt8129806,Movie,7.1,119,2022,"Drama",19514,"2022-10-07","Michael Morris"
tt2364975,6,2022-11-19,"We Are the Best!","Vi är bäst!",https://www.imdb.com/title/tt2364975,Movie,7.1,102,2013,"Drama, Music",11796,"2014-06-20","Lukas Moodysson"
tt0300140,6,2022-11-19,"Lilya 4-Ever","Lilja 4-ever",https://www.imdb.com/title/tt0300140,Movie,7.8,109,2002,"Crime, Drama",55576,"2002-08-23","Lukas Moodysson"
tt0071360,6,2022-11-05,"The Conversation","The Conversation",https://www.imdb.com/title/tt0071360,Movie,7.7,113,1974,"Drama, Thriller, Mystery",137209,"1974-04-12","Francis Ford Coppola"
tt8801666,7,2022-11-02,"The Most Beautiful Boy in the World","Världens vackraste pojke",https://www.imdb.com/title/tt8801666,Movie,6.8,93,2021,"Documentary, Biography, History",2267,"2021-10-15","Kristina Lindström,Kristian Petri"
tt13328800,6,2022-10-28,"Girl Picture","Tytöt tytöt tytöt",https://www.imdb.com/title/tt13328800,Movie,6.9,100,2022,"Romance, Drama",3561,"2022-08-12","Alli Haapasalo"
tt2365580,3,2022-10-21,"Where'd You Go, Bernadette","Where'd You Go, Bernadette",https://www.imdb.com/title/tt2365580,Movie,6.5,109,2019,"Comedy, Drama, Crime, Mystery",27764,"2019-08-16","Richard Linklater"
tt13648220,6,2022-10-04,"Misha and the Wolves","Misha and the Wolves",https://www.imdb.com/title/tt13648220,Movie,6.6,90,2021,"Documentary, Drama",3592,"2021-08-11","Sam Hobkinson"
tt3086442,7,2022-09-24,"Goodnight Mommy","Ich seh, Ich seh",https://www.imdb.com/title/tt3086442,Movie,6.7,99,2014,"Thriller, Mystery, Horror",64300,"2015-09-11","Severin Fiala,Veronika Franz"
tt9883832,8,2022-09-17,"Moonage Daydream","Moonage Daydream",https://www.imdb.com/title/tt9883832,Movie,7.6,135,2022,"Documentary, Music, Biography",16475,"2023-04-29","Brett Morgen"
tt9204898,6,2022-09-09,"Jump, Darling","Jump, Darling",https://www.imdb.com/title/tt9204898,Movie,6.4,90,2020,"Drama",756,"2022-03-17","Phil Connell"
tt11795652,7,2022-09-02,"Wildhood","Wildhood",https://www.imdb.com/title/tt11795652,Movie,7.0,108,2021,"Drama, Romance",2256,"2022-06-24","Bretten Hannam"
tt12141112,7,2022-04-11,"Metal Lords","Metal Lords",https://www.imdb.com/title/tt12141112,Movie,6.7,97,2022,"Music, Comedy",36941,"2022-04-08","Peter Sollett"
tt1847731,6,2022-04-09,"Tomboy","Tomboy",https://www.imdb.com/title/tt1847731,Movie,7.4,82,2011,"Drama",23334,"2011-04-20","Céline Sciamma"
tt9812474,6,2022-04-09,"Lamb","Dýrið",https://www.imdb.com/title/tt9812474,Movie,6.3,106,2021,"Drama, Fantasy, Horror",44702,"2021-10-08","Valdimar Jóhannsson"
tt13204490,7,2022-04-09,"Petite Maman","Petite maman",https://www.imdb.com/title/tt13204490,Movie,7.3,73,2021,"Drama, Fantasy",20872,"2022-05-06","Céline Sciamma"
tt9735470,7,2022-03-31,"Little Fish","Little Fish",https://www.imdb.com/title/tt9735470,Movie,7.0,101,2020,"Sci-Fi, Romance, Drama",9126,"2021-02-05","Chad Hartigan"
tt0865297,5,2022-03-24,"The Black Balloon","The Black Balloon",https://www.imdb.com/title/tt0865297,Movie,7.2,97,2008,"Drama, Romance",9454,"2008-03-06","Elissa Down"
tt1262981,7,2022-03-23,"World's Greatest Dad","World's Greatest Dad",https://www.imdb.com/title/tt1262981,Movie,6.8,99,2009,"Comedy, Drama",42277,"2010-09-24","Bobcat Goldthwait"
tt5016946,7,2022-03-23,"Handsome Devil","Handsome Devil",https://www.imdb.com/title/tt5016946,Movie,7.0,95,2016,"Drama, Sport, Comedy",18723,"2017-06-02","John Butler"
tt5710514,6,2022-03-23,"I Don't Feel at Home in This World Anymore","I Don't Feel at Home in This World Anymore",https://www.imdb.com/title/tt5710514,Movie,6.9,93,2017,"Crime, Thriller, Drama, Comedy",67658,"2017-02-24","Macon Blair"
tt9100054,7,2022-02-25,"The Lost Daughter","The Lost Daughter",https://www.imdb.com/title/tt9100054,Movie,6.7,121,2021,"Drama",81986,"2021-12-31","Maggie Gyllenhaal"
tt10370710,7,2022-02-03,"The Worst Person in the World","Verdens verste menneske",https://www.imdb.com/title/tt10370710,Movie,7.7,128,2021,"Comedy, Drama, Romance",127898,"2021-10-13","Joachim Trier"
tt4104022,7,2022-01-28,"People Places Things","People Places Things",https://www.imdb.com/title/tt4104022,Movie,6.8,85,2015,"Comedy, Romance",11574,"2015-08-14","Jim Strouse"
tt11847410,6,2022-01-28,"The Fallout","The Fallout",https://www.imdb.com/title/tt11847410,Movie,7.0,96,2021,"Drama",43037,"2022-01-27","Megan Park"
tt10451852,6,2022-01-15,"Nine Days","Nine Days",https://www.imdb.com/title/tt10451852,Movie,6.8,124,2020,"Drama, Fantasy",13648,"2021-07-30","Edson Oda"
tt10986222,8,2022-01-05,"C'mon C'mon","C'mon C'mon",https://www.imdb.com/title/tt10986222,Movie,7.3,109,2021,"Drama",42869,"2021-11-24","Mike Mills"
tt11271038,6,2022-01-01,"Licorice Pizza","Licorice Pizza",https://www.imdb.com/title/tt11271038,Movie,7.1,133,2021,"Drama, Comedy, Romance",161286,"2021-12-25","Paul Thomas Anderson"
tt13694628,5,2021-12-05,"Nitram","Nitram",https://www.imdb.com/title/tt13694628,Movie,7.1,112,2021,"Thriller, Drama, Crime",13002,"2021-09-30","Justin Kurzel"
tt9639470,7,2021-11-15,"Last Night in Soho","Last Night in Soho",https://www.imdb.com/title/tt9639470,Movie,7.0,116,2021,"Horror, Thriller, Drama, Mystery",199791,"2021-10-29","Edgar Wright"
tt11003218,7,2021-10-06,"Pig","Pig",https://www.imdb.com/title/tt11003218,Movie,6.9,92,2021,"Drama, Mystery",104964,"2021-07-16","Michael Sarnoski"
tt8396480,6,2021-09-29,"A Dog Named Palma","Palma",https://www.imdb.com/title/tt8396480,Movie,6.8,110,2021,"Family, Drama",1419,"2021-03-18","Aleksandr Domogarov"
tt11127680,5,2021-09-29,"Boiling Point","Boiling Point",https://www.imdb.com/title/tt11127680,Movie,7.5,92,2021,"Drama, Thriller",56488,"2022-01-07","Philip Barantini"
tt10366460,6,2021-09-29,"CODA","CODA",https://www.imdb.com/title/tt10366460,Movie,8.0,111,2021,"Drama, Music, Comedy",215480,"2021-08-13","Sian Heder"
tt13821562,6,2021-09-25,"Ninjababy","Ninjababy",https://www.imdb.com/title/tt13821562,Movie,7.3,103,2021,"Drama, Comedy",4579,"2021-05-21","Yngvild Sve Flikke"
tt0248845,7,2021-09-13,"Hedwig and the Angry Inch","Hedwig and the Angry Inch",https://www.imdb.com/title/tt0248845,Movie,7.7,95,2001,"Musical, Music, Drama, Comedy",39178,"2001-08-31","John Cameron Mitchell"
tt1399683,7,2021-09-03,"Winter's Bone","Winter's Bone",https://www.imdb.com/title/tt1399683,Movie,7.1,100,2010,"Drama, Mystery, Crime, Thriller",157960,"2010-07-16","Debra Granik"
tt10915286,7,2021-09-03,"Tell Me Who I Am","Tell Me Who I Am",https://www.imdb.com/title/tt10915286,Movie,7.6,86,2019,"Documentary, Drama, Mystery",19918,"2019-10-18","Ed Perkins"
tt3091288,7,2021-09-03,"Krisha","Krisha",https://www.imdb.com/title/tt3091288,Short,7.0,15,2014,"Short, Drama",277,"2014-03-07","Trey Edward Shults"
tt0370986,6,2021-09-03,"Mysterious Skin","Mysterious Skin",https://www.imdb.com/title/tt0370986,Movie,7.6,105,2004,"Drama",85511,"2005-06-24","Gregg Araki"
tt9770150,6,2021-09-03,"Nomadland","Nomadland",https://www.imdb.com/title/tt9770150,Movie,7.3,107,2020,"Drama",219337,"2021-02-19","Chloé Zhao"
tt11286640,7,2021-09-03,"Nowhere Special","Nowhere Special",https://www.imdb.com/title/tt11286640,Movie,7.4,96,2020,"Drama",9458,"2024-04-26","Uberto Pasolini"
tt13329626,7,2021-07-17,"Karen Dalton: In My Own Time","In My Own Time: A Portrait of Karen Dalton",https://www.imdb.com/title/tt13329626,Movie,7.4,85,2020,"Documentary, Biography, Music",293,"2025-05-12","Richard Peete,Robert Yapkowitz"
tt10457128,6,2021-06-25,"Summer of 85","Été 85",https://www.imdb.com/title/tt10457128,Movie,6.9,101,2020,"Drama, Romance",16238,"2021-06-18","François Ozon"
tt7979580,7,2021-05-19,"The Mitchells vs. the Machines","The Mitchells vs the Machines",https://www.imdb.com/title/tt7979580,Movie,7.6,114,2021,"Animation, Adventure, Comedy, Sci-Fi, Family",142637,"2021-04-30","Michael Rianda,Jeff Rowe"
tt11656892,6,2021-05-14,"Des","Des",https://www.imdb.com/title/tt11656892,TV Mini Series,7.6,48,2020,"Crime, Drama, History, Thriller, Biography",24650,"2020-10-15",
tt11454722,7,2021-05-14,"Generation","Genera+ion",https://www.imdb.com/title/tt11454722,TV Series,7.2,30,2021,"Comedy, Drama",6420,"2021-03-11",
tt8772296,8,2021-05-14,"Euphoria","Euphoria",https://www.imdb.com/title/tt8772296,TV Series,8.2,60,2019,"Drama",305206,"2019-06-16",
tt9059760,7,2021-05-14,"Normal People","Normal People",https://www.imdb.com/title/tt9059760,TV Mini Series,8.4,28,2020,"Drama, Romance",116003,"2020-04-29",
tt11204260,7,2021-05-14,"I May Destroy You","I May Destroy You",https://www.imdb.com/title/tt11204260,TV Series,8.0,30,2020,"Drama",28392,"2020-06-07",
tt11318602,9,2021-05-14,"Don't F**k with Cats: Hunting an Internet Killer","Don't Fuck with Cats: Hunting an Internet Killer",https://www.imdb.com/title/tt11318602,TV Mini Series,8.0,60,2019,"Documentary, Crime, Mystery",69319,"2019-12-18",
tt7343740,6,2021-05-14,"Days of the Bagnold Summer","Days of the Bagnold Summer",https://www.imdb.com/title/tt7343740,Movie,6.6,86,2019,"Comedy, Drama, Music",3011,"2021-02-19","Simon Bird"
tt6111574,5,2021-05-14,"The Woman in the Window","The Woman in the Window",https://www.imdb.com/title/tt6111574,Movie,5.7,100,2021,"Drama, Thriller, Crime, Mystery",90352,"2021-05-14","Joe Wright"
tt6818118,5,2021-05-11,"Jumbo","Jumbo",https://www.imdb.com/title/tt6818118,Movie,6.1,93,2020,"Drama, Fantasy, Romance",1438,"2020-07-01","Zoé Wittock"
tt0253474,8,2021-05-08,"The Pianist","The Pianist",https://www.imdb.com/title/tt0253474,Movie,8.5,150,2002,"Biography, Music, Drama, War",1013299,"2003-03-28","Roman Polanski"
tt13156316,8,2021-05-08,"The Sons of Sam: A Descent into Darkness","The Sons of Sam: A Descent into Darkness",https://www.imdb.com/title/tt13156316,TV Mini Series,7.0,60,2021,"Documentary, Crime, Mystery, History",11449,"2021-05-05",
tt2400463,6,2021-04-23,"The Invitation","The Invitation",https://www.imdb.com/title/tt2400463,Movie,6.6,100,2015,"Thriller, Drama, Mystery, Horror",129543,"2016-04-08","Karyn Kusama"
tt2872718,7,2021-04-23,"Nightcrawler","Nightcrawler",https://www.imdb.com/title/tt2872718,Movie,7.8,117,2014,"Crime, Thriller, Drama",670169,"2014-10-31","Dan Gilroy"
tt2316411,6,2021-04-23,"Enemy","Enemy",https://www.imdb.com/title/tt2316411,Movie,6.8,91,2013,"Thriller, Mystery, Drama",239878,"2014-02-06","Denis Villeneuve"
tt11317142,7,2021-04-16,"Shiva Baby","Shiva Baby",https://www.imdb.com/title/tt11317142,Movie,7.1,77,2020,"Comedy, Drama",42278,"2021-04-02","Emma Seligman"
tt5577494,7,2021-04-10,"Clemency","Clemency",https://www.imdb.com/title/tt5577494,Movie,6.5,112,2019,"Drama",5833,"2020-01-24","Chinonye Chukwu"
tt10785618,6,2021-04-02,"Adolescents","Adolescentes",https://www.imdb.com/title/tt10785618,Movie,7.2,135,2019,"Documentary",1057,"2020-09-09","Sébastien Lifshitz"
tt9130508,6,2021-03-28,"Cherry","Cherry",https://www.imdb.com/title/tt9130508,Movie,6.6,142,2021,"Drama, Crime, Biography",42067,"2021-03-12","Anthony Russo,Joe Russo"
tt11753696,6,2021-03-27,"Little Girl","Petite fille",https://www.imdb.com/title/tt11753696,Movie,7.6,88,2020,"Documentary, Biography",1632,"2020-11-25","Sébastien Lifshitz"
tt10272386,7,2021-03-27,"The Father","The Father",https://www.imdb.com/title/tt10272386,Movie,8.2,97,2020,"Drama, Mystery",245464,"2021-02-26","Florian Zeller"
tt9140342,8,2021-03-04,"It's a Sin","It's a Sin",https://www.imdb.com/title/tt9140342,TV Mini Series,8.6,45,2021,"Drama",40780,"2021-02-18",
tt10633456,6,2021-03-02,"Minari","Minari",https://www.imdb.com/title/tt10633456,Movie,7.4,115,2020,"Drama",126120,"2021-02-12","Lee Isaac Chung"
tt9586294,7,2021-02-16,"Better Days","Shaonian de ni",https://www.imdb.com/title/tt9586294,Movie,7.6,135,2019,"Romance, Crime, Drama, Thriller",16992,"2019-10-25","Derek Tsang"
tt13837672,7,2021-02-11,"Crime Scene: The Vanishing at the Cecil Hotel","Crime Scene: The Vanishing at the Cecil Hotel",https://www.imdb.com/title/tt13837672,TV Mini Series,6.0,55,2021,"Documentary, Crime, Mystery",21599,"2021-02-10",
tt9620292,6,2021-01-30,"Promising Young Woman","Promising Young Woman",https://www.imdb.com/title/tt9620292,Movie,7.5,113,2020,"Crime, Drama, Thriller, Mystery",255887,"2020-12-25","Emerald Fennell"
tt10199640,7,2021-01-29,"Beanpole","Dylda",https://www.imdb.com/title/tt10199640,Movie,7.2,130,2019,"Drama, War",13156,"2020-01-29","Kantemir Balagov"
tt0435679,8,2021-01-19,"Keith","Keith",https://www.imdb.com/title/tt0435679,Movie,7.3,95,2008,"Drama, Romance",38396,"2008-09-13","Todd Kessler"
tt11161474,6,2021-01-15,"Pieces of a Woman","Pieces of a Woman",https://www.imdb.com/title/tt11161474,Movie,7.0,126,2020,"Drama",60247,"2021-01-07","Kornél Mundruczó"
tt9169036,7,2021-01-14,"White Lie","White Lie",https://www.imdb.com/title/tt9169036,Movie,6.6,96,2019,"Drama",2923,"2021-01-05","Yonah Lewis,Calvin Thomas"
tt0159097,7,2021-01-08,"The Virgin Suicides","The Virgin Suicides",https://www.imdb.com/title/tt0159097,Movie,7.2,97,1999,"Romance, Drama",186500,"2000-05-19","Sofia Coppola"
tt1185616,8,2021-01-08,"Waltz with Bashir","Vals Im Bashir",https://www.imdb.com/title/tt1185616,Movie,8.0,90,2008,"Animation, Documentary, Biography, Drama, War, History, Mystery",62685,"2008-06-12","Ari Folman"
tt7559438,6,2021-01-07,"Dead Pixels","Dead Pixels",https://www.imdb.com/title/tt7559438,TV Series,7.4,25,2019,"Comedy, Fantasy",3985,"2020-08-18",
tt9601220,5,2021-01-05,"Black Bear","Black Bear",https://www.imdb.com/title/tt9601220,Movie,6.5,104,2020,"Drama",18041,"2020-12-04","Lawrence Michael Levine"
tt10288566,6,2020-12-31,"Another Round","Druk",https://www.imdb.com/title/tt10288566,Movie,7.7,117,2020,"Drama, Comedy",226801,"2020-12-18","Thomas Vinterberg"
tt9626278,5,2020-12-31,"Fourteen","Fourteen",https://www.imdb.com/title/tt9626278,Movie,6.7,94,2019,"Drama",990,"2020-05-15","Dan Sallitt"
tt11327514,7,2020-12-28,"Uncle Frank","Uncle Frank",https://www.imdb.com/title/tt11327514,Movie,7.3,95,2020,"Drama, Comedy",24829,"2020-11-25","Alan Ball"
tt8594528,7,2020-12-27,"In My Skin","In My Skin",https://www.imdb.com/title/tt8594528,TV Series,8.1,30,2018,"Comedy, Drama",2039,"2018-10-14",
tt7939766,6,2020-12-25,"I'm Thinking of Ending Things","I'm Thinking of Ending Things",https://www.imdb.com/title/tt7939766,Movie,6.5,134,2020,"Drama, Thriller",110467,"2020-09-04","Charlie Kaufman"
tt11296058,8,2020-12-25,"The Painter and the Thief","Kunstneren og tyven",https://www.imdb.com/title/tt11296058,Movie,7.5,106,2020,"Documentary",4629,"2020-05-22","Benjamin Ree"
tt8143990,6,2020-12-20,"Kajillionaire","Kajillionaire",https://www.imdb.com/title/tt8143990,Movie,6.4,104,2020,"Drama, Crime, Comedy",23979,"2020-09-25","Miranda July"
tt13021528,5,2020-12-15,"How to with John Wilson: How to Put Up Scaffolding","How to with John Wilson: How to Put Up Scaffolding",https://www.imdb.com/title/tt13021528,TV Episode,8.2,28,2020,"Documentary, Comedy",807,"2020-10-30","John Wilson"
tt13021522,6,2020-12-15,"How to with John Wilson: How to Make Small Talk","How to with John Wilson: How to Make Small Talk",https://www.imdb.com/title/tt13021522,TV Episode,8.1,29,2020,"Documentary, Comedy",988,"2020-10-23","John Wilson"
tt10702148,4,2020-12-15,"The Killing of Two Lovers","The Killing of Two Lovers",https://www.imdb.com/title/tt10702148,Movie,6.8,85,2020,"Drama",5923,"2021-05-14","Robert Machoian"
tt0162346,6,2020-12-09,"Ghost World","Ghost World",https://www.imdb.com/title/tt0162346,Movie,7.3,111,2001,"Drama, Comedy",132258,"2001-09-21","Terry Zwigoff"
tt5363618,7,2020-12-06,"Sound of Metal","Sound of Metal",https://www.imdb.com/title/tt5363618,Movie,7.7,120,2019,"Drama, Music",186331,"2020-12-04","Darius Marder"
tt10642834,7,2020-12-03,"The Forty-Year-Old Version","The Forty-Year-Old Version",https://www.imdb.com/title/tt10642834,Movie,7.2,123,2020,"Comedy, Drama",5804,"2020-10-09","Radha Blank"
tt1028532,7,2020-11-29,"Hachi: A Dog's Tale","Hachi: A Dog's Tale",https://www.imdb.com/title/tt1028532,Movie,8.1,93,2009,"Drama, Family, Biography",343141,"2010-03-12","Lasse Hallström"
tt2980696,8,2020-11-23,"Quarry","Quarry",https://www.imdb.com/title/tt2980696,TV Series,8.0,60,2016,"Drama, Crime, Thriller",15517,"2016-09-09",
tt8633478,4,2020-11-21,"Run","Run",https://www.imdb.com/title/tt8633478,Movie,6.7,90,2020,"Thriller, Mystery, Drama, Horror",112991,"2020-11-20","Aneesh Chaganty"
tt0377091,7,2020-11-20,"Mean Creek","Mean Creek",https://www.imdb.com/title/tt0377091,Movie,7.1,90,2004,"Drama, Crime",34727,"2004-08-20","Jacob Estes"
tt5912454,6,2020-11-20,"Blue Jay","Blue Jay",https://www.imdb.com/title/tt5912454,Movie,7.3,80,2016,"Drama, Romance",22707,"2016-10-11","Alex Lehmann"
tt0113540,6,2020-11-18,"Kids","Kids",https://www.imdb.com/title/tt0113540,Movie,7.0,91,1995,"Drama",91793,"1995-09-01","Larry Clark"
tt3544112,7,2020-11-17,"Sing Street","Sing Street",https://www.imdb.com/title/tt3544112,Movie,7.9,106,2016,"Drama, Music, Comedy, Romance",107829,"2016-03-17","John Carney"
tt0287467,5,2020-11-17,"Talk to Her","Hable con ella",https://www.imdb.com/title/tt0287467,Movie,7.9,112,2002,"Romance, Mystery, Drama",121853,"2003-02-14","Pedro Almodóvar"
tt2452386,7,2020-11-17,"The Fundamentals of Caring","The Fundamentals of Caring",https://www.imdb.com/title/tt2452386,Movie,7.3,97,2016,"Drama, Comedy",87059,"2016-06-24","Rob Burnett"
tt1440292,6,2020-11-17,"Submarine","Submarine",https://www.imdb.com/title/tt1440292,Movie,7.3,97,2010,"Comedy, Drama, Romance",101067,"2011-03-18","Richard Ayoade"
tt6212478,7,2020-11-17,"American Animals","American Animals",https://www.imdb.com/title/tt6212478,Movie,7.0,116,2018,"Crime, Drama, Biography, Thriller, History",53086,"2018-08-14","Bart Layton"
tt0117951,7,2020-11-17,"Trainspotting","Trainspotting",https://www.imdb.com/title/tt0117951,Movie,8.1,93,1996,"Crime, Drama",769573,"1996-08-09","Danny Boyle"
tt0443706,7,2020-11-17,"Zodiac","Zodiac",https://www.imdb.com/title/tt0443706,Movie,7.7,157,2007,"Drama, Thriller, Crime, Mystery",674231,"2007-03-02","David Fincher"
tt0405159,8,2020-11-17,"Million Dollar Baby","Million Dollar Baby",https://www.imdb.com/title/tt0405159,Movie,8.1,132,2004,"Drama, Sport",766578,"2005-01-28","Clint Eastwood"
tt7886936,6,2020-11-13,"Dating Amber","Dating Amber",https://www.imdb.com/title/tt7886936,Movie,7.0,92,2020,"Comedy, Drama, Romance",8806,"2020-11-10","David Freyne"
tt1615147,7,2020-11-12,"Margin Call","Margin Call",https://www.imdb.com/title/tt1615147,Movie,7.1,107,2011,"Thriller, Drama",162252,"2011-09-29","J.C. Chandor"
tt6788942,7,2020-11-10,"Bad Genius","Chalard games goeng",https://www.imdb.com/title/tt6788942,Movie,7.6,130,2017,"Thriller, Comedy, Crime, Drama",25541,"2017-05-03","Baz Poonpiriya"
tt4385888,7,2020-11-09,"20th Century Women","20th Century Women",https://www.imdb.com/title/tt4385888,Movie,7.3,119,2016,"Comedy, Drama",52388,"2017-01-20","Mike Mills"
tt3032476,9,2020-11-09,"Better Call Saul","Better Call Saul",https://www.imdb.com/title/tt3032476,TV Series,9.0,45,2015,"Crime, Drama",836504,"2015-02-08",
tt2356777,7,2020-11-09,"True Detective","True Detective",https://www.imdb.com/title/tt2356777,TV Series,8.8,60,2014,"Crime, Drama, Mystery, Thriller",756209,"2014-01-12",
tt7767422,7,2020-11-09,"Sex Education","Sex Education",https://www.imdb.com/title/tt7767422,TV Series,8.2,60,2019,"Drama, Comedy, Romance",398173,"2019-01-11",
tt7608238,8,2020-11-09,"Wanderlust","Wanderlust",https://www.imdb.com/title/tt7608238,TV Series,7.0,60,2018,"Drama, Comedy, Romance",6466,"2018-10-19",
tt1723816,7,2020-11-05,"Girls","Girls",https://www.imdb.com/title/tt1723816,TV Series,7.4,30,2012,"Comedy, Drama",83228,"2012-04-15",
tt5290382,7,2020-11-05,"Mindhunter","Mindhunter",https://www.imdb.com/title/tt5290382,TV Series,8.6,60,2017,"Thriller, Crime, Drama, Mystery",397241,"2017-10-13",
tt5834204,6,2020-11-05,"The Handmaid's Tale","The Handmaid's Tale",https://www.imdb.com/title/tt5834204,TV Series,8.3,60,2017,"Drama, Thriller, Sci-Fi",298366,"2017-04-26",
tt2581458,8,2020-11-05,"Looking","Looking",https://www.imdb.com/title/tt2581458,TV Series,8.2,30,2014,"Comedy, Drama, Romance",23566,"2014-01-19",
tt2407574,7,2020-11-05,"My Mad Fat Diary","My Mad Fat Diary",https://www.imdb.com/title/tt2407574,TV Series,8.4,47,2013,"Comedy, Drama, Romance",19925,"2013-01-14",
tt10048342,7,2020-11-05,"The Queen's Gambit","The Queen's Gambit",https://www.imdb.com/title/tt10048342,TV Mini Series,8.5,60,2020,"Drama",664175,"2020-10-23",
tt5278506,7,2020-10-03,"Tickled","Tickled",https://www.imdb.com/title/tt5278506,Movie,7.4,92,2016,"Documentary, Mystery, Crime",22926,"2016-06-17","David Farrier,Dylan Reeve"
tt11394182,7,2020-10-01,"Feels Good Man","Feels Good Man",https://www.imdb.com/title/tt11394182,Movie,7.5,92,2020,"Documentary, Comedy",5986,"2020-08-28","Arthur Jones"
tt2066051,5,2020-09-30,"Rocketman","Rocketman",https://www.imdb.com/title/tt2066051,Movie,7.3,121,2019,"Musical, Biography, Drama, Music",209680,"2019-05-31","Dexter Fletcher"
tt5083738,5,2020-09-30,"The Favourite","The Favourite",https://www.imdb.com/title/tt5083738,Movie,7.5,119,2018,"Biography, Drama, History, Comedy",258897,"2018-12-21","Yorgos Lanthimos"
tt0810819,6,2020-09-30,"The Danish Girl","The Danish Girl",https://www.imdb.com/title/tt0810819,Movie,7.1,119,2015,"Drama, Biography",206464,"2016-01-22","Tom Hooper"
tt0340855,7,2020-09-30,"Monster","Monster",https://www.imdb.com/title/tt0340855,Movie,7.3,109,2003,"Biography, Crime, Thriller, Drama",173179,"2004-01-30","Patty Jenkins"
tt0064665,8,2020-09-30,"Midnight Cowboy","Midnight Cowboy",https://www.imdb.com/title/tt0064665,Movie,7.8,113,1969,"Drama",131915,"1969-05-25","John Schlesinger"
tt4666726,6,2020-09-30,"Christine","Christine",https://www.imdb.com/title/tt4666726,Movie,6.9,119,2016,"Biography, Drama",17911,"2016-10-14","Antonio Campos"
tt5688996,6,2020-09-30,"Alex Strangelove","Alex Strangelove",https://www.imdb.com/title/tt5688996,Movie,6.3,99,2018,"Comedy, Drama, Romance",20625,"2018-06-08","Craig Johnson"
tt3142366,6,2020-09-28,"Take Me to the River","Take Me to the River",https://www.imdb.com/title/tt3142366,Movie,6.2,84,2015,"Drama",3250,"2015-01-26","Matt Sobel"
tt3283864,6,2020-09-26,"Some Freaks","Some Freaks",https://www.imdb.com/title/tt3283864,Movie,6.2,97,2016,"Drama, Comedy, Romance",2194,"2017-08-04","Ian McDonald"
tt0468489,7,2020-09-24,"Half Nelson","Half Nelson",https://www.imdb.com/title/tt0468489,Movie,7.1,106,2006,"Drama",95932,"2006-09-22","Ryan Fleck"
tt0075314,6,2020-09-22,"Taxi Driver","Taxi Driver",https://www.imdb.com/title/tt0075314,Movie,8.2,114,1976,"Crime, Drama",1027485,"1976-02-09","Martin Scorsese"
tt1931533,5,2020-09-22,"Seven Psychopaths","Seven Psychopaths",https://www.imdb.com/title/tt1931533,Movie,7.1,110,2012,"Comedy, Crime, Drama, Thriller",288053,"2012-10-12","Martin McDonagh"
tt4550098,7,2020-09-22,"Nocturnal Animals","Nocturnal Animals",https://www.imdb.com/title/tt4550098,Movie,7.4,116,2016,"Drama, Thriller",339220,"2016-12-09","Tom Ford"
tt9016016,6,2020-09-14,"Saint Frances","Saint Frances",https://www.imdb.com/title/tt9016016,Movie,7.1,101,2019,"Comedy, Drama",5853,"2020-02-28","Alex Thompson"
tt9196192,7,2020-09-12,"Cuties","Mignonnes",https://www.imdb.com/title/tt9196192,Movie,3.6,96,2020,"Drama",33301,"2020-09-09","Maïmouna Doucouré"
tt8125842,5,2020-08-07,"Blindsone","Blindsone",https://www.imdb.com/title/tt8125842,Movie,7.0,98,2018,"Drama",1264,"2018-08-24","Tuva Novotny"
tt8750702,7,2020-08-06,"Rewind","Rewind",https://www.imdb.com/title/tt8750702,Movie,7.9,86,2019,"Documentary, Biography",3159,"2020-05-08","Sasha Joseph Neulinger"
tt3078242,5,2020-08-04,"Miss Violence","Miss Violence",https://www.imdb.com/title/tt3078242,Movie,7.0,98,2013,"Drama, Thriller",11840,"2013-11-07","Alexandros Avranas"
tt1703148,7,2020-07-30,"The Hunter","The Hunter",https://www.imdb.com/title/tt1703148,Movie,6.7,100,2011,"Drama, Adventure, Thriller",42748,"2011-10-06","Daniel Nettheim"
tt5929754,7,2020-07-24,"Wildlife","Wildlife",https://www.imdb.com/title/tt5929754,Movie,6.8,105,2018,"Drama",33644,"2019-01-01","Paul Dano"
tt8399664,8,2020-06-26,"Babyteeth","Babyteeth",https://www.imdb.com/title/tt8399664,Movie,7.2,118,2019,"Comedy, Drama, Romance",20700,"2020-06-19","Shannon Murphy"
tt1560139,7,2020-06-21,"Boy","Boy",https://www.imdb.com/title/tt1560139,Movie,7.5,87,2010,"Comedy, Drama",31635,"2010-03-25","Taika Waititi"
tt0494222,7,2020-06-10,"Eagle vs Shark","Eagle vs Shark",https://www.imdb.com/title/tt0494222,Movie,6.7,88,2007,"Comedy, Romance",27617,"2007-08-30","Taika Waititi"
tt0367089,6,2020-06-08,"The Squid and the Whale","The Squid and the Whale",https://www.imdb.com/title/tt0367089,Movie,7.3,81,2005,"Drama, Comedy",94728,"2005-12-16","Noah Baumbach"
tt0333766,6,2020-06-08,"Garden State","Garden State",https://www.imdb.com/title/tt0333766,Movie,7.4,102,2004,"Comedy, Romance, Drama",229096,"2004-08-20","Zach Braff"
tt2179116,6,2020-06-08,"The Kings of Summer","The Kings of Summer",https://www.imdb.com/title/tt2179116,Movie,7.1,95,2013,"Comedy, Drama, Adventure",87483,"2013-08-23","Jordan Vogt-Roberts"
tt5164432,6,2020-06-08,"Love, Simon","Love, Simon",https://www.imdb.com/title/tt5164432,Movie,7.5,110,2018,"Drama, Comedy, Romance",134370,"2018-03-16","Greg Berlanti"
tt9683478,6,2020-06-08,"The Half of It","The Half of It",https://www.imdb.com/title/tt9683478,Movie,6.9,104,2020,"Comedy, Drama",47455,"2020-05-01","Alice Wu"
tt8613070,6,2020-06-06,"Portrait of a Lady on Fire","Portrait de la jeune fille en feu",https://www.imdb.com/title/tt8613070,Movie,8.0,122,2019,"Drama, Romance",127580,"2020-02-14","Céline Sciamma"
tt8430598,6,2020-06-06,"Shirley","Shirley",https://www.imdb.com/title/tt8430598,Movie,6.1,107,2020,"Drama, Thriller, Biography, Mystery",14273,"2020-06-05","Josephine Decker"
tt8535968,7,2020-05-12,"System Crasher","Systemsprenger",https://www.imdb.com/title/tt8535968,Movie,7.8,125,2019,"Drama",16637,"2020-02-21","Nora Fingscheidt"
tt0405094,7,2020-04-29,"The Lives of Others","Das Leben der Anderen",https://www.imdb.com/title/tt0405094,Movie,8.4,137,2006,"Drama, Thriller, Mystery",443498,"2007-03-30","Florian Henckel von Donnersmarck"
tt8372298,6,2020-04-29,"Swallow","Swallow",https://www.imdb.com/title/tt8372298,Movie,6.5,94,2019,"Drama, Thriller, History",32382,"2020-06-05","Carlo Mirabella-Davis"
tt7772582,8,2020-04-16,"Never Rarely Sometimes Always","Never Rarely Sometimes Always",https://www.imdb.com/title/tt7772582,Movie,7.3,101,2020,"Drama",29783,"2020-04-03","Eliza Hittman"
tt0431213,8,2020-04-11,"Lassie","Lassie",https://www.imdb.com/title/tt0431213,Movie,6.7,100,2005,"Adventure, Family, Comedy, Drama",4953,"2006-09-01","Charles Sturridge"
tt2844798,7,2020-04-11,"White God","Fehér isten",https://www.imdb.com/title/tt2844798,Movie,6.8,121,2014,"Drama, Thriller, Adventure",17695,"2014-06-12","Kornél Mundruczó"
tt4846232,7,2020-04-10,"Good Time","Good Time",https://www.imdb.com/title/tt4846232,Movie,7.3,102,2017,"Crime, Drama, Thriller",156389,"2017-08-25","Benny Safdie,Josh Safdie"
tt8652728,7,2020-03-15,"Waves","Waves",https://www.imdb.com/title/tt8652728,Movie,7.5,135,2019,"Drama, Romance, Sport",38244,"2019-12-06","Trey Edward Shults"
tt3513548,7,2020-03-15,"Richard Jewell","Richard Jewell",https://www.imdb.com/title/tt3513548,Movie,7.5,131,2019,"Drama, Crime, Biography",106705,"2019-12-13","Clint Eastwood"
tt1130884,6,2020-01-24,"Shutter Island","Shutter Island",https://www.imdb.com/title/tt1130884,Movie,8.2,138,2010,"Thriller, Mystery, Drama",1649678,"2010-02-19","Martin Scorsese"
tt1853728,7,2020-01-24,"Django Unchained","Django Unchained",https://www.imdb.com/title/tt1853728,Movie,8.5,165,2012,"Western, Drama",1884495,"2012-12-25","Quentin Tarantino"
tt0407887,6,2020-01-24,"The Departed","The Departed",https://www.imdb.com/title/tt0407887,Movie,8.5,151,2006,"Crime, Drama, Thriller",1555485,"2006-10-06","Martin Scorsese"
tt1285016,7,2020-01-24,"The Social Network","The Social Network",https://www.imdb.com/title/tt1285016,Movie,7.8,120,2010,"Drama, Biography",820152,"2010-10-01","David Fincher"
tt2584384,8,2020-01-05,"Jojo Rabbit","Jojo Rabbit",https://www.imdb.com/title/tt2584384,Movie,7.9,108,2019,"Comedy, War, Drama",488641,"2019-11-08","Taika Waititi"
tt4144190,7,2019-12-29,"Wiener-Dog","Wiener-Dog",https://www.imdb.com/title/tt4144190,Movie,5.9,88,2016,"Comedy, Drama",11788,"2016-07-21","Todd Solondz"
tt0268126,7,2019-12-13,"Adaptation.","Adaptation.",https://www.imdb.com/title/tt0268126,Movie,7.6,115,2002,"Comedy, Drama",214294,"2003-02-14","Spike Jonze"
tt7653254,6,2019-12-08,"Marriage Story","Marriage Story",https://www.imdb.com/title/tt7653254,Movie,7.9,137,2019,"Drama, Romance",372149,"2019-12-06","Noah Baumbach"
tt0361748,8,2019-12-05,"Inglourious Basterds","Inglourious Basterds",https://www.imdb.com/title/tt0361748,Movie,8.4,153,2009,"War, Adventure, Drama",1785064,"2009-08-21","Quentin Tarantino"
tt6398232,6,2019-12-05,"On Becoming a God in Central Florida","On Becoming a God in Central Florida",https://www.imdb.com/title/tt6398232,TV Series,7.2,45,2019,"Comedy",8023,"2019-08-16",
tt4374208,7,2019-11-28,"Catastrophe","Catastrophe",https://www.imdb.com/title/tt4374208,TV Series,8.2,25,2015,"Comedy",25826,"2015-06-19",
tt1441395,7,2019-11-15,"Under the Skin","Under the Skin",https://www.imdb.com/title/tt1441395,Movie,6.3,108,2013,"Sci-Fi, Drama, Thriller, Horror, Mystery",170998,"2014-04-18","Jonathan Glazer"
tt0119237,6,2019-11-12,"Gummo","Gummo",https://www.imdb.com/title/tt0119237,Movie,6.6,89,1997,"Comedy, Drama",41943,"1997-11-24","Harmony Korine"
tt4226388,7,2019-11-12,"Victoria","Victoria",https://www.imdb.com/title/tt4226388,Movie,7.6,138,2015,"Drama, Crime, Thriller, Romance",67223,"2015-06-11","Sebastian Schipper"
tt9234450,7,2019-10-24,"Mother","Madre",https://www.imdb.com/title/tt9234450,Movie,6.6,128,2019,"Thriller, Drama",2903,"2020-10-30","Rodrigo Sorogoyen"
tt4595882,7,2019-10-24,"Can You Ever Forgive Me?","Can You Ever Forgive Me?",https://www.imdb.com/title/tt4595882,Movie,7.1,106,2018,"Drama, Biography, Comedy, Crime",58753,"2018-11-02","Marielle Heller"
tt8151874,7,2019-10-21,"Honey Boy","Honey Boy",https://www.imdb.com/title/tt8151874,Movie,7.2,94,2019,"Drama",43025,"2019-11-27","Alma Har'el"
tt1798709,7,2019-10-16,"Her","Her",https://www.imdb.com/title/tt1798709,Movie,8.0,126,2013,"Romance, Sci-Fi, Drama",727152,"2014-01-10","Spike Jonze"
tt7286456,9,2019-10-11,"Joker","Joker",https://www.imdb.com/title/tt7286456,Movie,8.3,122,2019,"Drama",1695431,"2019-10-04","Todd Phillips"
tt5724948,7,2019-10-04,"Old Boys","Old Boys",https://www.imdb.com/title/tt5724948,Movie,6.1,96,2018,"Comedy",1533,"2019-12-03","Toby MacDonald"
tt2035630,7,2019-10-04,"Starlet","Starlet",https://www.imdb.com/title/tt2035630,Movie,7.0,103,2012,"Drama",10822,"2013-05-09","Sean Baker"
tt6040662,6,2019-09-07,"The Children Act","The Children Act",https://www.imdb.com/title/tt6040662,Movie,6.7,105,2017,"Drama",16880,"2018-09-14","Richard Eyre"
tt0114906,7,2019-09-05,"Welcome to the Dollhouse","Welcome to the Dollhouse",https://www.imdb.com/title/tt0114906,Movie,7.3,88,1995,"Drama, Comedy",40503,"1996-05-24","Todd Solondz"
tt6751668,8,2019-08-29,"Parasite","Gisaengchung",https://www.imdb.com/title/tt6751668,Movie,8.5,132,2019,"Drama, Thriller",1165421,"2019-11-08","Bong Joon Ho"
tt6105098,7,2019-08-24,"The Lion King","The Lion King",https://www.imdb.com/title/tt6105098,Movie,6.8,118,2019,"Animation, Musical, Adventure, Drama, Family",291985,"2019-07-19","Jon Favreau"
tt2693580,6,2019-08-15,"Miss Stevens","Miss Stevens",https://www.imdb.com/title/tt2693580,Movie,6.5,86,2016,"Drama, Comedy",8369,"2016-09-20","Julia Hart"
tt1979376,7,2019-07-11,"Toy Story 4","Toy Story 4",https://www.imdb.com/title/tt1979376,Movie,7.6,100,2019,"Animation, Comedy, Fantasy, Family, Adventure",314902,"2019-06-21","Josh Cooley"
tt0110950,7,2019-07-10,"Reality Bites","Reality Bites",https://www.imdb.com/title/tt0110950,Movie,6.6,99,1994,"Romance, Drama, Comedy",57544,"1994-02-18","Ben Stiller"
tt2267998,6,2019-06-30,"Gone Girl","Gone Girl",https://www.imdb.com/title/tt2267998,Movie,8.1,149,2014,"Thriller, Drama, Mystery",1169973,"2014-10-03","David Fincher"
tt0780504,8,2019-06-29,"Drive","Drive",https://www.imdb.com/title/tt0780504,Movie,7.8,100,2011,"Drama, Action, Western",763935,"2011-09-16","Nicolas Winding Refn"
tt7375404,8,2019-05-24,"Kidding","Kidding",https://www.imdb.com/title/tt7375404,TV Series,8.0,30,2018,"Comedy, Drama",21481,"2018-08-31",
tt7153766,2,2019-04-25,"Unsane","Unsane",https://www.imdb.com/title/tt7153766,Movie,6.4,98,2018,"Thriller, Mystery, Drama, Horror",53971,"2018-03-23","Steven Soderbergh"
tt2155025,9,2019-04-12,"Please Like Me","Please Like Me",https://www.imdb.com/title/tt2155025,TV Series,8.5,29,2013,"Comedy, Drama, Romance",20594,"2013-08-02",
tt8682948,8,2019-04-12,"The Act","The Act",https://www.imdb.com/title/tt8682948,TV Mini Series,7.8,60,2019,"Thriller, Crime, Drama, Biography",42793,"2019-03-20",
tt5295524,7,2019-04-12,"Crashing","Crashing",https://www.imdb.com/title/tt5295524,TV Series,7.6,30,2016,"Comedy",29212,"2016-09-01",
tt5687612,9,2019-04-12,"Fleabag","Fleabag",https://www.imdb.com/title/tt5687612,TV Series,8.7,30,2016,"Comedy, Drama",246658,"2016-09-16",
tt4572792,7,2019-04-12,"The Book of Henry","The Book of Henry",https://www.imdb.com/title/tt4572792,Movie,6.6,105,2017,"Drama, Thriller, Crime",30747,"2017-06-23","Colin Trevorrow"
tt8254556,6,2019-03-24,"Girl","Girl",https://www.imdb.com/title/tt8254556,Movie,7.2,105,2018,"Drama",18044,"2019-03-15","Lukas Dhont"
tt6304162,8,2019-03-24,"Loveless","Nelyubov",https://www.imdb.com/title/tt6304162,Movie,7.6,127,2017,"Drama",37644,"2017-06-01","Andrey Zvyagintsev"
tt3863484,7,2019-03-18,"King Jack","King Jack",https://www.imdb.com/title/tt3863484,Movie,6.9,81,2015,"Adventure, Drama",3532,"2016-06-10","Felix Thompson"
tt6742252,7,2019-02-09,"The Guilty","Den skyldige",https://www.imdb.com/title/tt6742252,Movie,7.5,85,2018,"Thriller, Crime, Drama",69271,"2018-10-19","Gustav Möller"
tt0972544,7,2019-01-18,"Back Roads","Back Roads",https://www.imdb.com/title/tt0972544,Movie,6.3,101,2018,"Drama, Thriller, Crime",5983,"2018-12-07","Alex Pettyfer"
tt7040874,3,2019-01-18,"A Simple Favor","A Simple Favor",https://www.imdb.com/title/tt7040874,Movie,6.7,117,2018,"Crime, Mystery, Thriller, Comedy",190289,"2018-09-14","Paul Feig"
tt7184124,6,2019-01-12,"Night Comes On","Night Comes On",https://www.imdb.com/title/tt7184124,Movie,6.7,86,2018,"Drama",1158,"2018-08-03","Jordana Spiro"
tt5613484,7,2019-01-03,"Mid90s","Mid90s",https://www.imdb.com/title/tt5613484,Movie,7.4,85,2018,"Comedy, Drama",88154,"2018-10-26","Jonah Hill"
tt2042568,7,2018-12-06,"Inside Llewyn Davis","Inside Llewyn Davis",https://www.imdb.com/title/tt2042568,Movie,7.4,104,2013,"Drama, Music",172110,"2014-01-10","Ethan Coen,Joel Coen"
tt6509058,6,2018-12-02,"Nancy","Nancy",https://www.imdb.com/title/tt6509058,Movie,6.2,85,2018,"Drama, Mystery, Thriller",3914,"2018-08-16","Christina Choe"
tt1727824,7,2018-11-30,"Bohemian Rhapsody","Bohemian Rhapsody",https://www.imdb.com/title/tt1727824,Movie,7.9,134,2018,"Biography, Drama, Music",647018,"2018-11-02","Bryan Singer"
tt7681824,7,2018-11-30,"We the Animals","We the Animals",https://www.imdb.com/title/tt7681824,Movie,6.9,94,2018,"Drama",4809,"2018-08-17","Jeremiah Zagar"
tt7668870,8,2018-11-23,"Searching","Searching",https://www.imdb.com/title/tt7668870,Movie,7.6,102,2018,"Thriller, Drama, Mystery",192513,"2018-08-31","Aneesh Chaganty"
tt9199952,9,2018-11-19,"Dogs: Bravo, Zeus","Dogs: Bravo, Zeus",https://www.imdb.com/title/tt9199952,TV Episode,8.6,52,2018,"Documentary, Reality-TV, History",316,"2018-11-16","Amy Berg"
tt6257174,5,2018-11-09,"The Miseducation of Cameron Post","The Miseducation of Cameron Post",https://www.imdb.com/title/tt6257174,Movie,6.6,91,2018,"Comedy, Drama",27632,"2018-09-07","Desiree Akhavan"
tt1226837,6,2018-11-02,"Beautiful Boy","Beautiful Boy",https://www.imdb.com/title/tt1226837,Movie,7.4,120,2018,"Drama, Biography",128963,"2018-10-25","Felix van Groeningen"
tt7784604,6,2018-10-29,"Hereditary","Hereditary",https://www.imdb.com/title/tt7784604,Movie,7.3,127,2018,"Horror, Drama, Mystery, Thriller",456360,"2018-06-08","Ari Aster"
tt0342172,7,2018-10-27,"Capturing the Friedmans","Capturing the Friedmans",https://www.imdb.com/title/tt0342172,Movie,7.6,107,2003,"Documentary, Biography, Crime",28722,"2003-07-18","Andrew Jarecki"
tt6952960,7,2018-10-20,"The Kindergarten Teacher","The Kindergarten Teacher",https://www.imdb.com/title/tt6952960,Movie,6.7,96,2018,"Drama, Thriller",18880,"2018-10-12","Sara Colangelo"
tt4276820,7,2018-10-03,"The Founder","The Founder",https://www.imdb.com/title/tt4276820,Movie,7.2,115,2016,"Biography, Drama",205330,"2017-01-20","John Lee Hancock"
tt1966604,8,2018-10-01,"The Imposter","The Imposter",https://www.imdb.com/title/tt1966604,Movie,7.4,99,2012,"Documentary, Biography, Crime, Drama, Thriller",52960,"2012-08-24","Bart Layton"
tt7014006,6,2018-09-29,"Eighth Grade","Eighth Grade",https://www.imdb.com/title/tt7014006,Movie,7.3,93,2018,"Comedy, Drama",86859,"2018-08-03","Bo Burnham"
tt3892172,7,2018-09-29,"Leave No Trace","Leave No Trace",https://www.imdb.com/title/tt3892172,Movie,7.1,109,2018,"Drama, Adventure",70418,"2018-06-29","Debra Granik"
tt6877772,8,2018-09-16,"American Vandal","American Vandal",https://www.imdb.com/title/tt6877772,TV Series,8.1,30,2017,"Comedy, Mystery, Crime, Drama",34857,"2017-09-15",
tt0082176,7,2018-09-15,"Christiane F.","Christiane F.: Wir Kinder vom Bahnhof Zoo",https://www.imdb.com/title/tt0082176,Movie,7.5,138,1981,"Biography, Drama",35081,"1981-04-02","Uli Edel"
tt4015500,6,2018-08-13,"The Tale","The Tale",https://www.imdb.com/title/tt4015500,Movie,7.2,114,2018,"Drama, Mystery, Thriller, Biography",21545,"2018-05-27","Jennifer Fox"
tt0477078,7,2018-08-12,"Rocket Science","Rocket Science",https://www.imdb.com/title/tt0477078,Movie,6.5,101,2007,"Drama, Comedy",14048,"2007-09-28","Jeffrey Blitz"
tt0338013,7,2018-08-09,"Eternal Sunshine of the Spotless Mind","Eternal Sunshine of the Spotless Mind",https://www.imdb.com/title/tt0338013,Movie,8.3,108,2004,"Drama, Sci-Fi, Romance",1183788,"2004-03-19","Michel Gondry"
tt5639354,7,2018-08-05,"A Fantastic Woman","Una mujer fantástica",https://www.imdb.com/title/tt5639354,Movie,7.2,104,2017,"Drama",28521,"2018-02-02","Sebastián Lelio"
tt0066921,7,2018-07-28,"A Clockwork Orange","A Clockwork Orange",https://www.imdb.com/title/tt0066921,Movie,8.2,136,1971,"Crime, Sci-Fi",937462,"1972-02-02","Stanley Kubrick"
tt3416536,7,2018-07-25,"Hot Summer Nights","Hot Summer Nights",https://www.imdb.com/title/tt3416536,Movie,6.4,107,2017,"Drama, Crime, Romance",27403,"2018-07-27","Elijah Bynum"
tt5610554,7,2018-07-19,"Tully","Tully",https://www.imdb.com/title/tt5610554,Movie,6.9,95,2018,"Comedy, Drama, Mystery",66438,"2018-05-04","Jason Reitman"
tt3917210,7,2018-06-24,"Life, Animated","Life, Animated",https://www.imdb.com/title/tt3917210,Movie,7.4,92,2016,"Documentary, Family, Drama, Romance, Comedy, Fantasy",6362,"2016-10-20","Roger Ross Williams"
tt3877200,6,2018-06-24,"The Missing","The Missing",https://www.imdb.com/title/tt3877200,TV Series,8.1,60,2014,"Drama, Crime, Mystery",32495,"2014-11-15",
tt3012698,8,2018-06-24,"Olive Kitteridge","Olive Kitteridge",https://www.imdb.com/title/tt3012698,TV Mini Series,8.3,60,2014,"Drama",29665,"2014-11-02",
tt3502262,7,2018-06-24,"Transparent","Transparent",https://www.imdb.com/title/tt3502262,TV Series,7.8,30,2014,"Comedy, Drama",24462,"2014-02-06",
tt4370596,7,2018-06-24,"Better Things","Better Things",https://www.imdb.com/title/tt4370596,TV Series,7.9,22,2016,"Comedy, Drama",20124,"2016-09-08",
tt6347408,6,2018-06-24,"Uri and Ella","Uri and Ella",https://www.imdb.com/title/tt6347408,TV Series,7.5,38,2016,"Comedy, Drama",73,"2016-11-24",
tt3920596,6,2018-06-24,"Big Little Lies","Big Little Lies",https://www.imdb.com/title/tt3920596,TV Series,8.4,50,2017,"Crime, Drama, Mystery",245129,"2017-02-19",
tt5052448,3,2018-06-24,"Get Out","Get Out",https://www.imdb.com/title/tt5052448,Movie,7.8,104,2017,"Horror, Mystery, Thriller",818292,"2017-02-24","Jordan Peele"
tt3896198,6,2018-06-24,"Guardians of the Galaxy: Vol. 2","Guardians of the Galaxy Vol. 2",https://www.imdb.com/title/tt3896198,Movie,7.6,136,2017,"Action, Sci-Fi, Adventure, Comedy, Fantasy, Music",829843,"2017-05-05","James Gunn"
tt4189492,6,2018-06-24,"Man Seeking Woman","Man Seeking Woman",https://www.imdb.com/title/tt4189492,TV Series,7.8,21,2015,"Comedy, Fantasy, Romance",11686,"2015-01-14",
tt2582784,7,2018-06-24,"Flower","Flower",https://www.imdb.com/title/tt2582784,Movie,6.0,90,2017,"Comedy, Drama, Romance",11633,"2018-03-16","Max Winkler"
tt5649108,5,2018-05-29,"Thoroughbreds","Thoroughbreds",https://www.imdb.com/title/tt5649108,Movie,6.6,92,2017,"Drama, Thriller, Crime, Comedy",49049,"2018-03-09","Cory Finley"
tt5340300,8,2018-05-28,"Lean on Pete","Lean on Pete",https://www.imdb.com/title/tt5340300,Movie,7.1,121,2017,"Drama, Adventure, Sport",14884,"2018-05-04","Andrew Haigh"
tt2023690,7,2018-05-25,"Sightseers","Sightseers",https://www.imdb.com/title/tt2023690,Movie,6.5,88,2012,"Comedy, Adventure, Crime, Romance, Horror",31622,"2013-05-10","Ben Wheatley"
tt2125608,7,2018-05-22,"Searching for Sugar Man","Searching for Sugar Man",https://www.imdb.com/title/tt2125608,Movie,8.2,86,2012,"Documentary, Biography, Music",76379,"2012-07-26","Malik Bendjelloul"
tt5742374,6,2018-05-13,"You Were Never Really Here","You Were Never Really Here",https://www.imdb.com/title/tt5742374,Movie,6.7,89,2017,"Drama, Crime, Thriller",135603,"2018-04-06","Lynne Ramsay"
tt4444438,7,2018-05-10,"As You Are","As You Are",https://www.imdb.com/title/tt4444438,Movie,6.6,110,2016,"Drama, Mystery",3349,"2017-02-24","Miles Joris-Peyrafitte"
tt0816692,8,2018-05-03,"Interstellar","Interstellar",https://www.imdb.com/title/tt0816692,Movie,8.7,169,2014,"Sci-Fi, Adventure, Drama",2532830,"2014-11-07","Christopher Nolan"
tt5462602,6,2018-05-02,"The Big Sick","The Big Sick",https://www.imdb.com/title/tt5462602,Movie,7.5,120,2017,"Comedy, Romance, Drama",150547,"2017-07-14","Michael Showalter"
tt1603900,6,2018-04-24,"Princess","Princess",https://www.imdb.com/title/tt1603900,Movie,6.2,92,2014,"Drama",851,"2016-05-27","Tali Shalom-Ezer"
tt3721954,7,2018-04-18,"Maudie","Maudie",https://www.imdb.com/title/tt3721954,Movie,7.6,115,2016,"Romance, Biography, Drama",25703,"2017-08-04","Aisling Walsh"
tt2910274,7,2018-04-14,"Obvious Child","Obvious Child",https://www.imdb.com/title/tt2910274,Movie,6.7,84,2014,"Comedy, Drama, Romance",27111,"2014-06-27","Gillian Robespierre"
tt0470752,6,2018-04-14,"Ex Machina","Ex Machina",https://www.imdb.com/title/tt0470752,Movie,7.7,108,2014,"Drama, Sci-Fi, Thriller",639748,"2015-04-24","Alex Garland"
tt0265459,6,2018-04-13,"One Hour Photo","One Hour Photo",https://www.imdb.com/title/tt0265459,Movie,6.8,96,2002,"Drama, Thriller",139931,"2002-09-13","Mark Romanek"
tt0080678,7,2018-04-11,"The Elephant Man","The Elephant Man",https://www.imdb.com/title/tt0080678,Movie,8.2,124,1980,"Biography, Drama",282730,"1980-10-10","David Lynch"
tt0243255,6,2018-04-11,"Fat Girl","À ma soeur!",https://www.imdb.com/title/tt0243255,Movie,6.4,86,2001,"Drama",14078,"2001-03-07","Catherine Breillat"
tt0120601,8,2018-04-08,"Being John Malkovich","Being John Malkovich",https://www.imdb.com/title/tt0120601,Movie,7.7,113,1999,"Drama, Comedy, Fantasy",370130,"1999-12-03","Spike Jonze"
tt0209144,8,2018-03-17,"Memento","Memento",https://www.imdb.com/title/tt0209144,Movie,8.4,113,2000,"Drama, Thriller, Mystery",1436304,"2001-05-25","Christopher Nolan"
tt3428912,7,2018-03-13,"Happy Valley","Happy Valley",https://www.imdb.com/title/tt3428912,TV Series,8.5,60,2014,"Crime, Drama, Thriller",73373,"2014-04-29",
tt2125435,8,2018-03-13,"Beasts of the Southern Wild","Beasts of the Southern Wild",https://www.imdb.com/title/tt2125435,Movie,7.2,93,2012,"Drama, Fantasy, Adventure",86838,"2012-07-05","Benh Zeitlin"
tt3721936,8,2018-03-12,"American Honey","American Honey",https://www.imdb.com/title/tt3721936,Movie,7.0,163,2016,"Drama, Romance, Adventure",49847,"2016-10-14","Andrea Arnold"
tt0361127,7,2018-03-09,"The Woodsman","The Woodsman",https://www.imdb.com/title/tt0361127,Movie,7.1,87,2004,"Drama",36900,"2005-01-28","Nicole Kassell"
tt4925292,6,2018-03-08,"Lady Bird","Lady Bird",https://www.imdb.com/title/tt4925292,Movie,7.4,94,2017,"Comedy, Drama",364206,"2017-12-01","Greta Gerwig"
tt5859238,6,2018-03-07,"Lucky","Lucky",https://www.imdb.com/title/tt5859238,Movie,7.3,88,2017,"Drama, Comedy, Western",28413,"2017-09-29","John Carroll Lynch"
tt5580036,7,2018-03-05,"I, Tonya","I, Tonya",https://www.imdb.com/title/tt5580036,Movie,7.5,119,2017,"Biography, Drama, Sport, Comedy",261681,"2018-01-19","Craig Gillespie"
tt5726616,7,2018-03-04,"Call Me by Your Name","Call Me by Your Name",https://www.imdb.com/title/tt5726616,Movie,7.8,132,2017,"Drama, Romance",359388,"2018-01-19","Luca Guadagnino"
tt0907657,7,2018-03-03,"Once","Once",https://www.imdb.com/title/tt0907657,Movie,7.8,86,2006,"Musical, Music, Drama, Romance",125060,"2007-06-15","John Carney"
tt0129167,8,2018-02-15,"The Iron Giant","The Iron Giant",https://www.imdb.com/title/tt0129167,Movie,8.1,86,1999,"Animation, Adventure, Action, Comedy, Drama, Sci-Fi, Family",260849,"1999-08-06","Brad Bird"
tt5027774,9,2018-02-09,"Three Billboards Outside Ebbing, Missouri","Three Billboards Outside Ebbing, Missouri",https://www.imdb.com/title/tt5027774,Movie,8.1,115,2017,"Crime, Drama, Comedy",608143,"2017-12-01","Martin McDonagh"
tt0783233,8,2018-02-08,"Atonement","Atonement",https://www.imdb.com/title/tt0783233,Movie,7.8,123,2007,"Drama, Romance, Mystery, War",329414,"2008-01-11","Joe Wright"
tt6257970,8,2018-02-02,"The End of the F***ing World","The End of the F***ing World",https://www.imdb.com/title/tt6257970,TV Series,8.0,25,2017,"Comedy, Drama, Adventure, Romance, Crime, Thriller",246395,"2017-10-24",
tt5715874,6,2018-01-30,"The Killing of a Sacred Deer","The Killing of a Sacred Deer",https://www.imdb.com/title/tt5715874,Movie,7.0,121,2017,"Drama, Mystery, Thriller, Horror",215473,"2017-11-03","Yorgos Lanthimos"
tt2575988,6,2018-01-29,"Silicon Valley","Silicon Valley",https://www.imdb.com/title/tt2575988,TV Series,8.5,30,2014,"Comedy",182160,"2014-04-06",
tt5425186,7,2018-01-29,"Horace and Pete","Horace and Pete",https://www.imdb.com/title/tt5425186,TV Mini Series,8.5,44,2016,"Drama, Comedy",18290,"2016-01-30",
tt0193676,8,2018-01-29,"Freaks and Geeks","Freaks and Geeks",https://www.imdb.com/title/tt0193676,TV Series,8.7,45,1999,"Drama, Comedy",164694,"1999-09-25",
tt2085059,7,2018-01-29,"Black Mirror","Black Mirror",https://www.imdb.com/title/tt2085059,TV Series,8.7,60,2011,"Drama, Thriller, Sci-Fi, Mystery, Crime",738184,"2011-12-04",
tt2802850,7,2018-01-29,"Fargo","Fargo",https://www.imdb.com/title/tt2802850,TV Series,8.8,60,2014,"Crime, Drama, Thriller",469315,"2014-04-15",
tt1475582,6,2018-01-29,"Sherlock","Sherlock",https://www.imdb.com/title/tt1475582,TV Series,9.0,90,2010,"Crime, Mystery, Drama, Thriller",1089150,"2010-10-24",
tt0944947,7,2018-01-29,"Game of Thrones","Game of Thrones",https://www.imdb.com/title/tt0944947,TV Series,9.2,60,2011,"Fantasy, Drama",2617458,"2011-04-17",
tt0903747,10,2018-01-29,"Breaking Bad","Breaking Bad",https://www.imdb.com/title/tt0903747,TV Series,9.5,48,2008,"Drama, Crime, Thriller",2618793,"2008-01-20",
tt0245429,7,2018-01-29,"Spirited Away","Sen to Chihiro no kamikakushi",https://www.imdb.com/title/tt0245429,Movie,8.6,124,2001,"Animation, Family, Adventure, Fantasy",968168,"2003-03-28","Hayao Miyazaki"
tt0758758,7,2018-01-29,"Into the Wild","Into the Wild",https://www.imdb.com/title/tt0758758,Movie,8.0,148,2007,"Drama, Adventure, Biography",695730,"2007-10-19","Sean Penn"
tt3170832,6,2018-01-29,"Room","Room",https://www.imdb.com/title/tt3170832,Movie,8.1,118,2015,"Drama, Thriller",480402,"2016-01-22","Lenny Abrahamson"
tt3783958,7,2018-01-29,"La La Land","La La Land",https://www.imdb.com/title/tt3783958,Movie,8.0,128,2016,"Musical, Comedy, Drama, Romance, Music",763719,"2016-12-25","Damien Chazelle"
tt2380307,6,2018-01-29,"Coco","Coco",https://www.imdb.com/title/tt2380307,Movie,8.4,105,2017,"Animation, Family, Adventure, Fantasy, Mystery, Music, Drama",708385,"2017-11-22","Lee Unkrich,Adrian Molina"
tt6304046,6,2018-01-29,"Thelma","Thelma",https://www.imdb.com/title/tt6304046,Movie,6.9,116,2017,"Romance, Thriller, Drama, Mystery, Fantasy, Horror",39808,"2017-09-15","Joachim Trier"
tt1152758,7,2018-01-28,"Dear Zachary: A Letter to a Son About His Father","Dear Zachary: A Letter to a Son About His Father",https://www.imdb.com/title/tt1152758,Movie,8.5,95,2008,"Documentary, Crime, Drama, Biography",45697,"2015-12-14","Kurt Kuenne"
tt0118799,8,2018-01-28,"Life Is Beautiful","La vita è bella",https://www.imdb.com/title/tt0118799,Movie,8.6,116,1997,"Comedy, War, Romance, Drama",813535,"1997-12-20","Roberto Benigni"
tt0300214,6,2018-01-26,"Morvern Callar","Morvern Callar",https://www.imdb.com/title/tt0300214,Movie,6.8,97,2002,"Drama",12456,"2002-11-01","Lynne Ramsay"
tt4954522,6,2018-01-19,"Raw","Grave",https://www.imdb.com/title/tt4954522,Movie,6.9,99,2016,"Horror, Drama",96582,"2017-03-15","Julia Ducournau"
tt1188113,6,2018-01-16,"Peacock","Peacock",https://www.imdb.com/title/tt1188113,Movie,6.2,90,2010,"Thriller, Drama, Mystery",13363,"2010-05-28","Michael Lander"
tt1692928,8,2018-01-15,"The Last Lions","The Last Lions",https://www.imdb.com/title/tt1692928,Movie,8.2,88,2011,"Documentary, Family",4509,"2011-02-18","Dereck Joubert"
tt0314412,7,2018-01-15,"My Life Without Me","My Life Without Me",https://www.imdb.com/title/tt0314412,Movie,7.4,106,2003,"Romance, Drama",26624,"2003-03-07","Isabel Coixet"
tt3416532,6,2018-01-15,"A Monster Calls","A Monster Calls",https://www.imdb.com/title/tt3416532,Movie,7.4,108,2016,"Drama, Fantasy, Adventure, Family, Horror",98921,"2017-01-06","J.A. Bayona"
tt1714206,6,2018-01-15,"The Spectacular Now","The Spectacular Now",https://www.imdb.com/title/tt1714206,Movie,7.0,95,2013,"Drama, Romance",168566,"2013-09-13","James Ponsoldt"
tt4698684,6,2018-01-15,"Hunt for the Wilderpeople","Hunt for the Wilderpeople",https://www.imdb.com/title/tt4698684,Movie,7.8,101,2016,"Comedy, Drama, Adventure",153255,"2016-07-01","Taika Waititi"
tt1441940,7,2018-01-15,"Broken","Broken",https://www.imdb.com/title/tt1441940,Movie,7.2,91,2012,"Drama, Romance",15799,"2013-03-08","Rufus Norris"
tt2106476,7,2018-01-15,"The Hunt","Jagten",https://www.imdb.com/title/tt2106476,Movie,8.3,115,2012,"Drama",409974,"2012-11-14","Thomas Vinterberg"
tt0276919,7,2018-01-15,"Dogville","Dogville",https://www.imdb.com/title/tt0276919,Movie,8.0,171,2003,"Drama, Crime",168811,"2004-04-23","Lars von Trier"
tt2321405,8,2018-01-15,"My Life as a Zucchini","Ma vie de Courgette",https://www.imdb.com/title/tt2321405,Movie,7.8,70,2016,"Animation, Drama, Comedy",32985,"2017-02-24","Claude Barras"
tt0805564,6,2018-01-14,"Lars and the Real Girl","Lars and the Real Girl",https://www.imdb.com/title/tt0805564,Movie,7.3,106,2007,"Comedy, Drama, Romance",167844,"2007-11-02","Craig Gillespie"
tt0340377,6,2018-01-14,"The Station Agent","The Station Agent",https://www.imdb.com/title/tt0340377,Movie,7.6,89,2003,"Comedy, Drama",80007,"2003-12-05","Tom McCarthy"
tt0401383,7,2018-01-14,"The Diving Bell and the Butterfly","Le scaphandre et le papillon",https://www.imdb.com/title/tt0401383,Movie,8.0,112,2007,"Drama, Biography",112962,"2008-02-01","Julian Schnabel"
tt2401878,7,2018-01-14,"Anomalisa","Anomalisa",https://www.imdb.com/title/tt2401878,Movie,7.2,90,2015,"Animation, Drama, Comedy, Romance",78808,"2016-03-11","Duke Johnson,Charlie Kaufman"
tt2624412,6,2018-01-14,"Boulevard","Boulevard",https://www.imdb.com/title/tt2624412,Movie,5.8,88,2014,"Drama",9493,"2015-07-10","Dito Montiel"
tt0415978,7,2018-01-14,"Me and You and Everyone We Know","Me and You and Everyone We Know",https://www.imdb.com/title/tt0415978,Movie,7.2,85,2005,"Drama, Comedy",38653,"2005-08-05","Miranda July"
tt5065810,7,2018-01-14,"Aloys","Aloys",https://www.imdb.com/title/tt5065810,Movie,6.3,91,2016,"Drama, Fantasy",2336,"2016-09-23","Tobias Nölle"
tt1680114,7,2018-01-14,"Snowtown","Snowtown",https://www.imdb.com/title/tt1680114,Movie,6.5,119,2011,"Crime, Drama, Biography, Mystery",22563,"2011-05-19","Justin Kurzel"
tt0424880,7,2018-01-14,"Candy","Candy",https://www.imdb.com/title/tt0424880,Movie,7.2,108,2006,"Drama, Romance",49846,"2006-05-25","Neil Armfield"
tt2321549,8,2018-01-14,"The Babadook","The Babadook",https://www.imdb.com/title/tt2321549,Movie,6.8,94,2014,"Horror, Mystery, Drama",270155,"2014-11-28","Jennifer Kent"
tt4160708,7,2018-01-14,"Don't Breathe","Don't Breathe",https://www.imdb.com/title/tt4160708,Movie,7.1,88,2016,"Thriller, Crime, Horror",331064,"2016-08-26","Fede Alvarez"
tt4178092,7,2018-01-14,"The Gift","The Gift",https://www.imdb.com/title/tt4178092,Movie,7.0,108,2015,"Mystery, Thriller, Drama",185519,"2015-08-07","Joel Edgerton"
tt3922816,7,2018-01-14,"The Daughter","The Daughter",https://www.imdb.com/title/tt3922816,Movie,6.6,96,2015,"Drama",5723,"2017-01-27","Simon Stone"
tt1450321,8,2018-01-14,"Filth","Filth",https://www.imdb.com/title/tt1450321,Movie,7.0,97,2013,"Comedy, Crime, Drama, Action",122367,"2014-04-24","Jon S. Baird"
tt1825157,7,2018-01-14,"The Double","The Double",https://www.imdb.com/title/tt1825157,Movie,6.4,93,2013,"Drama, Thriller, Comedy, Mystery, Sci-Fi",55586,"2014-04-04","Richard Ayoade"
tt0460740,6,2018-01-14,"Cashback","Cashback",https://www.imdb.com/title/tt0460740,Movie,7.1,102,2006,"Drama, Romance, Comedy",94864,"2006-11-21","Sean Ellis"
tt1392214,9,2018-01-14,"Prisoners","Prisoners",https://www.imdb.com/title/tt1392214,Movie,8.2,153,2013,"Crime, Drama, Thriller, Mystery",936328,"2013-09-20","Denis Villeneuve"
tt2582802,9,2018-01-14,"Whiplash","Whiplash",https://www.imdb.com/title/tt2582802,Movie,8.5,106,2014,"Drama, Music",1156317,"2014-10-15","Damien Chazelle"
tt3100636,7,2018-01-14,"52 Tuesdays","52 Tuesdays",https://www.imdb.com/title/tt3100636,Movie,6.4,114,2013,"Drama",1614,"2014-05-01","Sophie Hyde"
tt1038693,6,2018-01-14,"The Story of Luke","The Story of Luke",https://www.imdb.com/title/tt1038693,Movie,7.1,96,2012,"Drama, Comedy, Romance",3392,"2013-04-05","Alonso Mayo"
tt0479289,6,2018-01-14,"The Go-Getter","The Go-Getter",https://www.imdb.com/title/tt0479289,Movie,6.4,93,2007,"Comedy, Drama",5355,"2007-01-22","Martin Hynes"
tt0318761,7,2018-01-14,"Thumbsucker","Thumbsucker",https://www.imdb.com/title/tt0318761,Movie,6.5,96,2005,"Comedy, Drama",22545,"2005-10-07","Mike Mills"
tt0406650,7,2018-01-14,"The Chumscrubber","The Chumscrubber",https://www.imdb.com/title/tt0406650,Movie,6.8,108,2005,"Drama, Comedy",19616,"2005-08-25","Arie Posin"
tt0280760,7,2018-01-14,"Igby Goes Down","Igby Goes Down",https://www.imdb.com/title/tt0280760,Movie,6.8,98,2002,"Drama, Comedy",37405,"2002-10-04","Burr Steers"
tt0424136,7,2018-01-14,"Hard Candy","Hard Candy",https://www.imdb.com/title/tt0424136,Movie,7.0,104,2005,"Thriller, Drama",174411,"2006-04-28","David Slade"
tt1242460,8,2018-01-14,"We Need to Talk About Kevin","We Need to Talk About Kevin",https://www.imdb.com/title/tt1242460,Movie,7.4,112,2011,"Drama, Thriller, Mystery",181618,"2011-10-21","Lynne Ramsay"
tt0363589,7,2018-01-14,"Elephant","Elephant",https://www.imdb.com/title/tt0363589,Movie,7.1,81,2003,"Drama, Crime, Thriller",104532,"2003-11-14","Gus Van Sant"
tt0242193,7,2018-01-14,"Bully","Bully",https://www.imdb.com/title/tt0242193,Movie,6.9,108,2001,"Crime, Biography, Drama",43306,"2001-12-12","Larry Clark"
tt0328538,7,2018-01-14,"Thirteen","Thirteen",https://www.imdb.com/title/tt0328538,Movie,6.8,100,2003,"Drama",108064,"2003-09-19","Catherine Hardwicke"
tt0169547,9,2018-01-14,"American Beauty","American Beauty",https://www.imdb.com/title/tt0169547,Movie,8.3,122,1999,"Drama",1280506,"1999-10-01","Sam Mendes"
tt0180093,9,2018-01-14,"Requiem for a Dream","Requiem for a Dream",https://www.imdb.com/title/tt0180093,Movie,8.3,102,2000,"Drama",974223,"2000-12-15","Darren Aronofsky"
tt0947798,8,2018-01-14,"Black Swan","Black Swan",https://www.imdb.com/title/tt0947798,Movie,8.0,108,2010,"Drama, Thriller",889644,"2010-12-17","Darren Aronofsky"
tt0172493,7,2018-01-14,"Girl, Interrupted","Girl, Interrupted",https://www.imdb.com/title/tt0172493,Movie,7.3,127,1999,"Biography, Drama",235044,"2000-01-14","James Mangold"
tt0364955,6,2018-01-14,"Art School Confidential","Art School Confidential",https://www.imdb.com/title/tt0364955,Movie,6.3,102,2006,"Comedy, Drama, Romance",18277,"2006-05-12","Terry Zwigoff"
tt0147612,8,2018-01-14,"Happiness","Happiness",https://www.imdb.com/title/tt0147612,Movie,7.7,134,1998,"Comedy, Drama",79964,"1998-10-16","Todd Solondz"
tt1663202,8,2018-01-14,"The Revenant","The Revenant",https://www.imdb.com/title/tt1663202,Movie,8.0,156,2015,"Action, Drama, Western",950702,"2016-01-08","Alejandro G. Iñárritu"
tt5362988,8,2018-01-14,"Wind River","Wind River",https://www.imdb.com/title/tt5362988,Movie,7.7,107,2017,"Thriller, Crime, Mystery, Drama, Western",315467,"2017-08-18","Taylor Sheridan"
tt1702014,8,2018-01-14,"The Way He Looks","Hoje Eu Quero Voltar Sozinho",https://www.imdb.com/title/tt1702014,Movie,7.9,96,2014,"Drama, Romance",29596,"2014-11-07","Daniel Ribeiro"
tt1205489,8,2018-01-14,"Gran Torino","Gran Torino",https://www.imdb.com/title/tt1205489,Movie,8.1,116,2008,"Drama",862538,"2009-01-09","Clint Eastwood"
tt4266638,8,2018-01-14,"Krisha","Krisha",https://www.imdb.com/title/tt4266638,Movie,7.1,83,2015,"Drama",10860,"2016-06-07","Trey Edward Shults"
tt2347569,6,2018-01-14,"Frances Ha","Frances Ha",https://www.imdb.com/title/tt2347569,Movie,7.4,86,2012,"Comedy, Drama, Romance",102496,"2013-05-17","Noah Baumbach"
tt1232776,7,2018-01-14,"Fish Tank","Fish Tank",https://www.imdb.com/title/tt1232776,Movie,7.3,123,2009,"Drama",68413,"2009-09-11","Andrea Arnold"
tt0388795,7,2018-01-14,"Brokeback Mountain","Brokeback Mountain",https://www.imdb.com/title/tt0388795,Movie,7.7,134,2005,"Drama, Romance",417369,"2006-01-13","Ang Lee"
tt1723811,9,2018-01-14,"Shame","Shame",https://www.imdb.com/title/tt1723811,Movie,7.2,101,2011,"Drama",217529,"2011","Steve McQueen"
tt1315981,8,2018-01-14,"A Single Man","A Single Man",https://www.imdb.com/title/tt1315981,Movie,7.5,99,2009,"Drama, Romance, Thriller",122239,"2010-02-05","Tom Ford"
tt1878870,7,2018-01-14,"The Edge of Seventeen","The Edge of Seventeen",https://www.imdb.com/title/tt1878870,Movie,7.3,104,2016,"Comedy, Drama, Romance",151580,"2016-11-18","Kelly Fremon Craig"
tt2582496,7,2018-01-14,"Me and Earl and the Dying Girl","Me and Earl and the Dying Girl",https://www.imdb.com/title/tt2582496,Movie,7.7,105,2015,"Drama, Comedy",144586,"2015-07-01","Alfonso Gomez-Rejon"
tt2582846,7,2018-01-14,"The Fault in Our Stars","The Fault in Our Stars",https://www.imdb.com/title/tt2582846,Movie,7.6,126,2014,"Drama, Romance",424673,"2014-06-06","Josh Boone"
tt1659337,7,2018-01-14,"The Perks of Being a Wallflower","The Perks of Being a Wallflower",https://www.imdb.com/title/tt1659337,Movie,7.9,103,2012,"Drama",596891,"2012-10-12","Stephen Chbosky"
tt0449059,7,2018-01-14,"Little Miss Sunshine","Little Miss Sunshine",https://www.imdb.com/title/tt0449059,Movie,7.8,101,2006,"Comedy, Drama",558821,"2006-08-18","Jonathan Dayton,Valerie Faris"
tt0467406,7,2018-01-14,"Juno","Juno",https://www.imdb.com/title/tt0467406,Movie,7.4,96,2007,"Comedy, Drama",572700,"2007-12-25","Jason Reitman"
tt1748122,8,2018-01-14,"Moonrise Kingdom","Moonrise Kingdom",https://www.imdb.com/title/tt1748122,Movie,7.7,94,2012,"Drama, Comedy, Romance, Adventure, Fantasy",383142,"2012-06-29","Wes Anderson"
tt1019452,8,2018-01-14,"A Serious Man","A Serious Man",https://www.imdb.com/title/tt1019452,Movie,7.0,106,2009,"Drama, Comedy",158626,"2009-11-06","Ethan Coen,Joel Coen"
tt0383028,9,2018-01-14,"Synecdoche, New York","Synecdoche, New York",https://www.imdb.com/title/tt0383028,Movie,7.5,124,2008,"Drama",104899,"2009-02-05","Charlie Kaufman"
tt4975722,8,2018-01-13,"Moonlight","Moonlight",https://www.imdb.com/title/tt4975722,Movie,7.4,111,2016,"Drama",352503,"2016-11-18","Barry Jenkins"
tt1492966,9,2017-12-12,"Louie","Louie",https://www.imdb.com/title/tt1492966,TV Series,8.5,22,2010,"Comedy, Drama",85342,"2010-06-29",
tt0824747,9,2017-03-10,"Changeling","Changeling",https://www.imdb.com/title/tt0824747,Movie,7.7,141,2008,"Drama, Mystery, Thriller, Biography, Crime, History",275187,"2008-10-31","Clint Eastwood"
tt0095327,8,2017-03-10,"Grave of the Fireflies","Hotaru no haka",https://www.imdb.com/title/tt0095327,Movie,8.5,88,1988,"Animation, Drama, War",386115,"1989-07-26","Isao Takahata"
tt0168629,8,2017-03-10,"Dancer in the Dark","Dancer in the Dark",https://www.imdb.com/title/tt0168629,Movie,7.9,135,2000,"Musical, Crime, Drama",124132,"2000-10-06","Lars von Trier"
tt2370248,8,2017-03-10,"Short Term 12","Short Term 12",https://www.imdb.com/title/tt2370248,Movie,7.9,96,2013,"Drama",95531,"2013-08-23","Destin Daniel Cretton"
tt0171804,8,2017-03-10,"Boys Don't Cry","Boys Don't Cry",https://www.imdb.com/title/tt0171804,Movie,7.5,118,1999,"Biography, Romance, Crime, Drama",107783,"2000-03-31","Kimberly Peirce"
tt1684226,8,2017-03-10,"The Normal Heart","The Normal Heart",https://www.imdb.com/title/tt1684226,TV Movie,7.9,132,2014,"Drama, History, Romance, Biography",39794,"2014-05-25","Ryan Murphy"
tt0978762,10,2017-03-10,"Mary and Max","Mary and Max.",https://www.imdb.com/title/tt0978762,Movie,8.1,92,2009,"Animation, Comedy, Drama",201732,"2009-04-09","Adam Elliot"
